block,matrix,rank_index,singular_value,step
concat,train_harm_full_sequence,1,12.540200233459473,225
concat,train_harm_full_sequence,2,3.770583391189575,225
concat,train_harm_full_sequence,3,2.747187376022339,225
concat,train_harm_full_sequence,4,2.506237030029297,225
concat,train_harm_full_sequence,5,2.271794557571411,225
concat,train_harm_full_sequence,6,2.089508056640625,225
concat,train_harm_full_sequence,7,1.8225795030593872,225
concat,train_harm_full_sequence,8,1.756272554397583,225
concat,train_harm_full_sequence,9,1.6014119386672974,225
concat,train_harm_full_sequence,10,1.5423415899276733,225
concat,train_harm_full_sequence,11,1.4118014574050903,225
concat,train_harm_full_sequence,12,1.331357479095459,225
concat,train_harm_full_sequence,13,1.2997829914093018,225
concat,train_harm_full_sequence,14,1.2561092376708984,225
concat,train_harm_full_sequence,15,1.1925771236419678,225
concat,train_harm_full_sequence,16,1.1518962383270264,225
concat,train_harm_full_sequence,17,1.131828784942627,225
concat,train_harm_full_sequence,18,1.0572751760482788,225
concat,train_harm_full_sequence,19,1.050125241279602,225
concat,train_harm_full_sequence,20,0.9735425114631653,225
concat,train_harm_full_sequence,21,0.9552786946296692,225
concat,train_harm_full_sequence,22,0.9361326694488525,225
concat,train_harm_full_sequence,23,0.9136089086532593,225
concat,train_harm_full_sequence,24,0.8905789852142334,225
concat,train_harm_full_sequence,25,0.8518754243850708,225
concat,train_harm_full_sequence,26,0.8474061489105225,225
concat,train_harm_full_sequence,27,0.8420826196670532,225
concat,train_harm_full_sequence,28,0.8203686475753784,225
concat,train_harm_full_sequence,29,0.8102095127105713,225
concat,train_harm_full_sequence,30,0.7931661605834961,225
concat,train_harm_full_sequence,31,0.7715756297111511,225
concat,train_harm_full_sequence,32,0.7599013447761536,225
A_block,train_harm_full_sequence,1,15.564284324645996,225
A_block,train_harm_full_sequence,2,2.5725181102752686,225
A_block,train_harm_full_sequence,3,1.5542815923690796,225
A_block,train_harm_full_sequence,4,0.8564795255661011,225
A_block,train_harm_full_sequence,5,0.7947390675544739,225
A_block,train_harm_full_sequence,6,0.5088229775428772,225
A_block,train_harm_full_sequence,7,0.44206783175468445,225
A_block,train_harm_full_sequence,8,0.4054780602455139,225
A_block,train_harm_full_sequence,9,0.378076434135437,225
A_block,train_harm_full_sequence,10,0.3447594940662384,225
A_block,train_harm_full_sequence,11,0.33166030049324036,225
A_block,train_harm_full_sequence,12,0.31733447313308716,225
A_block,train_harm_full_sequence,13,0.28729304671287537,225
A_block,train_harm_full_sequence,14,0.2817447781562805,225
A_block,train_harm_full_sequence,15,0.26315319538116455,225
A_block,train_harm_full_sequence,16,0.2517397105693817,225
A_block,train_harm_full_sequence,17,0.2446155846118927,225
A_block,train_harm_full_sequence,18,0.23924486339092255,225
A_block,train_harm_full_sequence,19,0.23235811293125153,225
A_block,train_harm_full_sequence,20,0.22647270560264587,225
A_block,train_harm_full_sequence,21,0.22275912761688232,225
A_block,train_harm_full_sequence,22,0.21707437932491302,225
A_block,train_harm_full_sequence,23,0.20705808699131012,225
A_block,train_harm_full_sequence,24,0.20119068026542664,225
A_block,train_harm_full_sequence,25,0.1998768001794815,225
A_block,train_harm_full_sequence,26,0.19188468158245087,225
A_block,train_harm_full_sequence,27,0.18652896583080292,225
A_block,train_harm_full_sequence,28,0.1838391274213791,225
A_block,train_harm_full_sequence,29,0.18253052234649658,225
A_block,train_harm_full_sequence,30,0.17187796533107758,225
A_block,train_harm_full_sequence,31,0.17071475088596344,225
A_block,train_harm_full_sequence,32,0.16371074318885803,225
B_block,train_harm_full_sequence,1,12.421874046325684,225
B_block,train_harm_full_sequence,2,3.810716390609741,225
B_block,train_harm_full_sequence,3,2.7780637741088867,225
B_block,train_harm_full_sequence,4,2.5474753379821777,225
B_block,train_harm_full_sequence,5,2.2904703617095947,225
B_block,train_harm_full_sequence,6,2.1239728927612305,225
B_block,train_harm_full_sequence,7,1.8385766744613647,225
B_block,train_harm_full_sequence,8,1.7805345058441162,225
B_block,train_harm_full_sequence,9,1.6249514818191528,225
B_block,train_harm_full_sequence,10,1.5686010122299194,225
B_block,train_harm_full_sequence,11,1.434910535812378,225
B_block,train_harm_full_sequence,12,1.35482919216156,225
B_block,train_harm_full_sequence,13,1.3248130083084106,225
B_block,train_harm_full_sequence,14,1.2770662307739258,225
B_block,train_harm_full_sequence,15,1.2115925550460815,225
B_block,train_harm_full_sequence,16,1.1709765195846558,225
B_block,train_harm_full_sequence,17,1.149836540222168,225
B_block,train_harm_full_sequence,18,1.0750623941421509,225
B_block,train_harm_full_sequence,19,1.0685776472091675,225
B_block,train_harm_full_sequence,20,0.9918973445892334,225
B_block,train_harm_full_sequence,21,0.9686661958694458,225
B_block,train_harm_full_sequence,22,0.9484219551086426,225
B_block,train_harm_full_sequence,23,0.9286492466926575,225
B_block,train_harm_full_sequence,24,0.9033248424530029,225
B_block,train_harm_full_sequence,25,0.8657283186912537,225
B_block,train_harm_full_sequence,26,0.8610734939575195,225
B_block,train_harm_full_sequence,27,0.8561662435531616,225
B_block,train_harm_full_sequence,28,0.8321401476860046,225
B_block,train_harm_full_sequence,29,0.8233287334442139,225
B_block,train_harm_full_sequence,30,0.8053935766220093,225
B_block,train_harm_full_sequence,31,0.7831500172615051,225
B_block,train_harm_full_sequence,32,0.7715867757797241,225
concat,train_safe_full_sequence,1,13.900456428527832,225
concat,train_safe_full_sequence,2,2.7380073070526123,225
concat,train_safe_full_sequence,3,2.1180307865142822,225
concat,train_safe_full_sequence,4,1.782503604888916,225
concat,train_safe_full_sequence,5,1.7399671077728271,225
concat,train_safe_full_sequence,6,1.6671667098999023,225
concat,train_safe_full_sequence,7,1.4678272008895874,225
concat,train_safe_full_sequence,8,1.375079870223999,225
concat,train_safe_full_sequence,9,1.2296313047409058,225
concat,train_safe_full_sequence,10,1.2052268981933594,225
concat,train_safe_full_sequence,11,1.1298779249191284,225
concat,train_safe_full_sequence,12,1.052771806716919,225
concat,train_safe_full_sequence,13,1.0067907571792603,225
concat,train_safe_full_sequence,14,0.9924018979072571,225
concat,train_safe_full_sequence,15,0.9604190587997437,225
concat,train_safe_full_sequence,16,0.938382625579834,225
concat,train_safe_full_sequence,17,0.9135958552360535,225
concat,train_safe_full_sequence,18,0.8950300812721252,225
concat,train_safe_full_sequence,19,0.871397078037262,225
concat,train_safe_full_sequence,20,0.8381133079528809,225
concat,train_safe_full_sequence,21,0.7991862893104553,225
concat,train_safe_full_sequence,22,0.7847221493721008,225
concat,train_safe_full_sequence,23,0.7381681203842163,225
concat,train_safe_full_sequence,24,0.7239258289337158,225
concat,train_safe_full_sequence,25,0.701941728591919,225
concat,train_safe_full_sequence,26,0.6940432786941528,225
concat,train_safe_full_sequence,27,0.6876577138900757,225
concat,train_safe_full_sequence,28,0.6645694375038147,225
concat,train_safe_full_sequence,29,0.644995391368866,225
concat,train_safe_full_sequence,30,0.6306625008583069,225
concat,train_safe_full_sequence,31,0.6255985498428345,225
concat,train_safe_full_sequence,32,0.6066400408744812,225
A_block,train_safe_full_sequence,1,15.775976181030273,225
A_block,train_safe_full_sequence,2,1.5661747455596924,225
A_block,train_safe_full_sequence,3,0.888275146484375,225
A_block,train_safe_full_sequence,4,0.6088224649429321,225
A_block,train_safe_full_sequence,5,0.5142392516136169,225
A_block,train_safe_full_sequence,6,0.4410964250564575,225
A_block,train_safe_full_sequence,7,0.39396554231643677,225
A_block,train_safe_full_sequence,8,0.3932962417602539,225
A_block,train_safe_full_sequence,9,0.3736066520214081,225
A_block,train_safe_full_sequence,10,0.3296881914138794,225
A_block,train_safe_full_sequence,11,0.308633416891098,225
A_block,train_safe_full_sequence,12,0.2791135609149933,225
A_block,train_safe_full_sequence,13,0.27606675028800964,225
A_block,train_safe_full_sequence,14,0.2643035650253296,225
A_block,train_safe_full_sequence,15,0.25321605801582336,225
A_block,train_safe_full_sequence,16,0.23564477264881134,225
A_block,train_safe_full_sequence,17,0.23381347954273224,225
A_block,train_safe_full_sequence,18,0.22555166482925415,225
A_block,train_safe_full_sequence,19,0.21990282833576202,225
A_block,train_safe_full_sequence,20,0.21552959084510803,225
A_block,train_safe_full_sequence,21,0.21237021684646606,225
A_block,train_safe_full_sequence,22,0.20189638435840607,225
A_block,train_safe_full_sequence,23,0.20042967796325684,225
A_block,train_safe_full_sequence,24,0.19645275175571442,225
A_block,train_safe_full_sequence,25,0.19469481706619263,225
A_block,train_safe_full_sequence,26,0.1828669309616089,225
A_block,train_safe_full_sequence,27,0.18059885501861572,225
A_block,train_safe_full_sequence,28,0.1791057586669922,225
A_block,train_safe_full_sequence,29,0.17595462501049042,225
A_block,train_safe_full_sequence,30,0.1720491200685501,225
A_block,train_safe_full_sequence,31,0.16854962706565857,225
A_block,train_safe_full_sequence,32,0.16592049598693848,225
B_block,train_safe_full_sequence,1,13.804032325744629,225
B_block,train_safe_full_sequence,2,2.7793397903442383,225
B_block,train_safe_full_sequence,3,2.160953998565674,225
B_block,train_safe_full_sequence,4,1.8200738430023193,225
B_block,train_safe_full_sequence,5,1.7683147192001343,225
B_block,train_safe_full_sequence,6,1.7005553245544434,225
B_block,train_safe_full_sequence,7,1.4951728582382202,225
B_block,train_safe_full_sequence,8,1.4049365520477295,225
B_block,train_safe_full_sequence,9,1.2557482719421387,225
B_block,train_safe_full_sequence,10,1.2187011241912842,225
B_block,train_safe_full_sequence,11,1.1541332006454468,225
B_block,train_safe_full_sequence,12,1.0777947902679443,225
B_block,train_safe_full_sequence,13,1.031745433807373,225
B_block,train_safe_full_sequence,14,1.015470027923584,225
B_block,train_safe_full_sequence,15,0.9816632866859436,225
B_block,train_safe_full_sequence,16,0.958509087562561,225
B_block,train_safe_full_sequence,17,0.934604287147522,225
B_block,train_safe_full_sequence,18,0.9172402024269104,225
B_block,train_safe_full_sequence,19,0.8920604586601257,225
B_block,train_safe_full_sequence,20,0.8587645888328552,225
B_block,train_safe_full_sequence,21,0.8177177906036377,225
B_block,train_safe_full_sequence,22,0.8041787147521973,225
B_block,train_safe_full_sequence,23,0.7550378441810608,225
B_block,train_safe_full_sequence,24,0.7406215667724609,225
B_block,train_safe_full_sequence,25,0.7188499569892883,225
B_block,train_safe_full_sequence,26,0.7112007737159729,225
B_block,train_safe_full_sequence,27,0.704565167427063,225
B_block,train_safe_full_sequence,28,0.6803770065307617,225
B_block,train_safe_full_sequence,29,0.6596159338951111,225
B_block,train_safe_full_sequence,30,0.6457099318504333,225
B_block,train_safe_full_sequence,31,0.6409330368041992,225
B_block,train_safe_full_sequence,32,0.6205148696899414,225
concat,eval_pivot,1,9.834458351135254,225
concat,eval_pivot,2,6.15437650680542,225
concat,eval_pivot,3,4.893640995025635,225
concat,eval_pivot,4,3.7468771934509277,225
concat,eval_pivot,5,3.306623935699463,225
concat,eval_pivot,6,3.1156482696533203,225
concat,eval_pivot,7,3.0344674587249756,225
concat,eval_pivot,8,2.7418694496154785,225
concat,eval_pivot,9,2.5682857036590576,225
concat,eval_pivot,10,2.493431329727173,225
concat,eval_pivot,11,2.3049211502075195,225
concat,eval_pivot,12,2.190298557281494,225
concat,eval_pivot,13,2.110905408859253,225
concat,eval_pivot,14,2.073842763900757,225
concat,eval_pivot,15,1.9163089990615845,225
concat,eval_pivot,16,1.8060051202774048,225
concat,eval_pivot,17,1.7673920392990112,225
concat,eval_pivot,18,1.7420076131820679,225
concat,eval_pivot,19,1.7230231761932373,225
concat,eval_pivot,20,1.646737813949585,225
concat,eval_pivot,21,1.6228551864624023,225
concat,eval_pivot,22,1.5962034463882446,225
concat,eval_pivot,23,1.5545889139175415,225
concat,eval_pivot,24,1.5235702991485596,225
concat,eval_pivot,25,1.4806352853775024,225
concat,eval_pivot,26,1.437815546989441,225
concat,eval_pivot,27,1.4085030555725098,225
concat,eval_pivot,28,1.3717402219772339,225
concat,eval_pivot,29,1.353724718093872,225
concat,eval_pivot,30,1.3255035877227783,225
concat,eval_pivot,31,1.316044569015503,225
concat,eval_pivot,32,1.2922345399856567,225
A_block,eval_pivot,1,16.1364688873291,225
A_block,eval_pivot,2,4.452460289001465,225
A_block,eval_pivot,3,3.929403781890869,225
A_block,eval_pivot,4,3.085062026977539,225
A_block,eval_pivot,5,2.714101552963257,225
A_block,eval_pivot,6,2.4967668056488037,225
A_block,eval_pivot,7,2.365595817565918,225
A_block,eval_pivot,8,1.8925219774246216,225
A_block,eval_pivot,9,1.7370051145553589,225
A_block,eval_pivot,10,1.512647032737732,225
A_block,eval_pivot,11,1.4680416584014893,225
A_block,eval_pivot,12,1.328381061553955,225
A_block,eval_pivot,13,1.3126789331436157,225
A_block,eval_pivot,14,1.252250075340271,225
A_block,eval_pivot,15,1.1804282665252686,225
A_block,eval_pivot,16,1.1369317770004272,225
A_block,eval_pivot,17,1.0808311700820923,225
A_block,eval_pivot,18,1.0602738857269287,225
A_block,eval_pivot,19,1.0272328853607178,225
A_block,eval_pivot,20,1.0032528638839722,225
A_block,eval_pivot,21,0.9770901203155518,225
A_block,eval_pivot,22,0.943510115146637,225
A_block,eval_pivot,23,0.9344229102134705,225
A_block,eval_pivot,24,0.911874532699585,225
A_block,eval_pivot,25,0.9017117023468018,225
A_block,eval_pivot,26,0.8603976368904114,225
A_block,eval_pivot,27,0.8512647151947021,225
A_block,eval_pivot,28,0.8403675556182861,225
A_block,eval_pivot,29,0.8259137868881226,225
A_block,eval_pivot,30,0.8057900667190552,225
A_block,eval_pivot,31,0.7905138731002808,225
A_block,eval_pivot,32,0.7730947136878967,225
B_block,eval_pivot,1,9.764142990112305,225
B_block,eval_pivot,2,6.129766941070557,225
B_block,eval_pivot,3,4.908960819244385,225
B_block,eval_pivot,4,3.760000467300415,225
B_block,eval_pivot,5,3.3162827491760254,225
B_block,eval_pivot,6,3.1301581859588623,225
B_block,eval_pivot,7,3.04952335357666,225
B_block,eval_pivot,8,2.75169038772583,225
B_block,eval_pivot,9,2.5806057453155518,225
B_block,eval_pivot,10,2.4932003021240234,225
B_block,eval_pivot,11,2.313690662384033,225
B_block,eval_pivot,12,2.199375629425049,225
B_block,eval_pivot,13,2.1226396560668945,225
B_block,eval_pivot,14,2.080625057220459,225
B_block,eval_pivot,15,1.922899842262268,225
B_block,eval_pivot,16,1.8113889694213867,225
B_block,eval_pivot,17,1.7734392881393433,225
B_block,eval_pivot,18,1.7498914003372192,225
B_block,eval_pivot,19,1.7264920473098755,225
B_block,eval_pivot,20,1.6544427871704102,225
B_block,eval_pivot,21,1.6299166679382324,225
B_block,eval_pivot,22,1.6012121438980103,225
B_block,eval_pivot,23,1.5604249238967896,225
B_block,eval_pivot,24,1.5304369926452637,225
B_block,eval_pivot,25,1.4862004518508911,225
B_block,eval_pivot,26,1.4407564401626587,225
B_block,eval_pivot,27,1.41445791721344,225
B_block,eval_pivot,28,1.3757085800170898,225
B_block,eval_pivot,29,1.357161283493042,225
B_block,eval_pivot,30,1.3299551010131836,225
B_block,eval_pivot,31,1.3206706047058105,225
B_block,eval_pivot,32,1.299102783203125,225
concat,eval_neutral,1,9.390268325805664,225
concat,eval_neutral,2,5.493268013000488,225
concat,eval_neutral,3,4.203975200653076,225
concat,eval_neutral,4,3.9077510833740234,225
concat,eval_neutral,5,2.9845876693725586,225
concat,eval_neutral,6,2.809873342514038,225
concat,eval_neutral,7,2.718453884124756,225
concat,eval_neutral,8,2.6791703701019287,225
concat,eval_neutral,9,2.4054179191589355,225
concat,eval_neutral,10,2.3194844722747803,225
concat,eval_neutral,11,2.2863035202026367,225
concat,eval_neutral,12,2.201082229614258,225
concat,eval_neutral,13,2.084456205368042,225
concat,eval_neutral,14,2.032464027404785,225
concat,eval_neutral,15,1.9608228206634521,225
concat,eval_neutral,16,1.9408031702041626,225
concat,eval_neutral,17,1.8186928033828735,225
concat,eval_neutral,18,1.7989941835403442,225
concat,eval_neutral,19,1.7674534320831299,225
concat,eval_neutral,20,1.7382193803787231,225
concat,eval_neutral,21,1.6556808948516846,225
concat,eval_neutral,22,1.6360119581222534,225
concat,eval_neutral,23,1.573988914489746,225
concat,eval_neutral,24,1.5571978092193604,225
concat,eval_neutral,25,1.5275309085845947,225
concat,eval_neutral,26,1.5043939352035522,225
concat,eval_neutral,27,1.4906071424484253,225
concat,eval_neutral,28,1.4435735940933228,225
concat,eval_neutral,29,1.4312176704406738,225
concat,eval_neutral,30,1.401181936264038,225
concat,eval_neutral,31,1.3734824657440186,225
concat,eval_neutral,32,1.3511607646942139,225
A_block,eval_neutral,1,15.03627872467041,225
A_block,eval_neutral,2,4.817635536193848,225
A_block,eval_neutral,3,4.181446075439453,225
A_block,eval_neutral,4,3.2189149856567383,225
A_block,eval_neutral,5,2.9235126972198486,225
A_block,eval_neutral,6,2.7478737831115723,225
A_block,eval_neutral,7,2.1885266304016113,225
A_block,eval_neutral,8,1.7956653833389282,225
A_block,eval_neutral,9,1.6755166053771973,225
A_block,eval_neutral,10,1.5699132680892944,225
A_block,eval_neutral,11,1.4631074666976929,225
A_block,eval_neutral,12,1.4345729351043701,225
A_block,eval_neutral,13,1.3862839937210083,225
A_block,eval_neutral,14,1.2804508209228516,225
A_block,eval_neutral,15,1.238549828529358,225
A_block,eval_neutral,16,1.2126579284667969,225
A_block,eval_neutral,17,1.1922587156295776,225
A_block,eval_neutral,18,1.1530685424804688,225
A_block,eval_neutral,19,1.1092395782470703,225
A_block,eval_neutral,20,1.0616568326950073,225
A_block,eval_neutral,21,1.056898832321167,225
A_block,eval_neutral,22,1.025044322013855,225
A_block,eval_neutral,23,1.0042179822921753,225
A_block,eval_neutral,24,0.9831525683403015,225
A_block,eval_neutral,25,0.9618383049964905,225
A_block,eval_neutral,26,0.9468663930892944,225
A_block,eval_neutral,27,0.9344510436058044,225
A_block,eval_neutral,28,0.9119893908500671,225
A_block,eval_neutral,29,0.8987389206886292,225
A_block,eval_neutral,30,0.8957461714744568,225
A_block,eval_neutral,31,0.887231171131134,225
A_block,eval_neutral,32,0.87752765417099,225
B_block,eval_neutral,1,9.377617835998535,225
B_block,eval_neutral,2,5.434493064880371,225
B_block,eval_neutral,3,4.208398818969727,225
B_block,eval_neutral,4,3.915294885635376,225
B_block,eval_neutral,5,2.992020845413208,225
B_block,eval_neutral,6,2.810826539993286,225
B_block,eval_neutral,7,2.715881586074829,225
B_block,eval_neutral,8,2.688298225402832,225
B_block,eval_neutral,9,2.413846969604492,225
B_block,eval_neutral,10,2.3250062465667725,225
B_block,eval_neutral,11,2.2922942638397217,225
B_block,eval_neutral,12,2.203598737716675,225
B_block,eval_neutral,13,2.089708089828491,225
B_block,eval_neutral,14,2.0377132892608643,225
B_block,eval_neutral,15,1.965621829032898,225
B_block,eval_neutral,16,1.9391692876815796,225
B_block,eval_neutral,17,1.8229163885116577,225
B_block,eval_neutral,18,1.803499460220337,225
B_block,eval_neutral,19,1.7654415369033813,225
B_block,eval_neutral,20,1.7427582740783691,225
B_block,eval_neutral,21,1.6603914499282837,225
B_block,eval_neutral,22,1.6402231454849243,225
B_block,eval_neutral,23,1.5767453908920288,225
B_block,eval_neutral,24,1.5619226694107056,225
B_block,eval_neutral,25,1.5288984775543213,225
B_block,eval_neutral,26,1.508336067199707,225
B_block,eval_neutral,27,1.4937950372695923,225
B_block,eval_neutral,28,1.447831630706787,225
B_block,eval_neutral,29,1.434630036354065,225
B_block,eval_neutral,30,1.4044277667999268,225
B_block,eval_neutral,31,1.3759450912475586,225
B_block,eval_neutral,32,1.3539732694625854,225
concat,train_harm_full_sequence,1,12.618145942687988,250
concat,train_harm_full_sequence,2,3.4493236541748047,250
concat,train_harm_full_sequence,3,2.953695297241211,250
concat,train_harm_full_sequence,4,2.524721145629883,250
concat,train_harm_full_sequence,5,2.1698923110961914,250
concat,train_harm_full_sequence,6,2.0676767826080322,250
concat,train_harm_full_sequence,7,1.8787841796875,250
concat,train_harm_full_sequence,8,1.849190354347229,250
concat,train_harm_full_sequence,9,1.6565665006637573,250
concat,train_harm_full_sequence,10,1.5436818599700928,250
concat,train_harm_full_sequence,11,1.4452095031738281,250
concat,train_harm_full_sequence,12,1.3856291770935059,250
concat,train_harm_full_sequence,13,1.3365134000778198,250
concat,train_harm_full_sequence,14,1.2419573068618774,250
concat,train_harm_full_sequence,15,1.1931231021881104,250
concat,train_harm_full_sequence,16,1.1630544662475586,250
concat,train_harm_full_sequence,17,1.1124094724655151,250
concat,train_harm_full_sequence,18,1.0217680931091309,250
concat,train_harm_full_sequence,19,0.9942938685417175,250
concat,train_harm_full_sequence,20,0.9739080667495728,250
concat,train_harm_full_sequence,21,0.9556443095207214,250
concat,train_harm_full_sequence,22,0.908826470375061,250
concat,train_harm_full_sequence,23,0.900175929069519,250
concat,train_harm_full_sequence,24,0.8860552906990051,250
concat,train_harm_full_sequence,25,0.8636947870254517,250
concat,train_harm_full_sequence,26,0.851257860660553,250
concat,train_harm_full_sequence,27,0.8304914236068726,250
concat,train_harm_full_sequence,28,0.8220677375793457,250
concat,train_harm_full_sequence,29,0.7826276421546936,250
concat,train_harm_full_sequence,30,0.775995135307312,250
concat,train_harm_full_sequence,31,0.7608219981193542,250
concat,train_harm_full_sequence,32,0.753120481967926,250
A_block,train_harm_full_sequence,1,15.720003128051758,250
A_block,train_harm_full_sequence,2,1.8565301895141602,250
A_block,train_harm_full_sequence,3,1.214452862739563,250
A_block,train_harm_full_sequence,4,0.748537003993988,250
A_block,train_harm_full_sequence,5,0.666477382183075,250
A_block,train_harm_full_sequence,6,0.503146231174469,250
A_block,train_harm_full_sequence,7,0.4283291697502136,250
A_block,train_harm_full_sequence,8,0.3665958046913147,250
A_block,train_harm_full_sequence,9,0.34825828671455383,250
A_block,train_harm_full_sequence,10,0.31240740418434143,250
A_block,train_harm_full_sequence,11,0.2959834933280945,250
A_block,train_harm_full_sequence,12,0.28496894240379333,250
A_block,train_harm_full_sequence,13,0.2599656581878662,250
A_block,train_harm_full_sequence,14,0.2399454414844513,250
A_block,train_harm_full_sequence,15,0.23285546898841858,250
A_block,train_harm_full_sequence,16,0.22802038490772247,250
A_block,train_harm_full_sequence,17,0.22508305311203003,250
A_block,train_harm_full_sequence,18,0.21829752624034882,250
A_block,train_harm_full_sequence,19,0.21513204276561737,250
A_block,train_harm_full_sequence,20,0.2023526430130005,250
A_block,train_harm_full_sequence,21,0.2004685401916504,250
A_block,train_harm_full_sequence,22,0.1931641548871994,250
A_block,train_harm_full_sequence,23,0.1911533623933792,250
A_block,train_harm_full_sequence,24,0.18629571795463562,250
A_block,train_harm_full_sequence,25,0.17767992615699768,250
A_block,train_harm_full_sequence,26,0.1759360283613205,250
A_block,train_harm_full_sequence,27,0.17051395773887634,250
A_block,train_harm_full_sequence,28,0.16611842811107635,250
A_block,train_harm_full_sequence,29,0.16520127654075623,250
A_block,train_harm_full_sequence,30,0.1639726161956787,250
A_block,train_harm_full_sequence,31,0.15828973054885864,250
A_block,train_harm_full_sequence,32,0.15461872518062592,250
B_block,train_harm_full_sequence,1,12.53802490234375,250
B_block,train_harm_full_sequence,2,3.479569911956787,250
B_block,train_harm_full_sequence,3,2.9847700595855713,250
B_block,train_harm_full_sequence,4,2.5532610416412354,250
B_block,train_harm_full_sequence,5,2.1845147609710693,250
B_block,train_harm_full_sequence,6,2.076141595840454,250
B_block,train_harm_full_sequence,7,1.8973551988601685,250
B_block,train_harm_full_sequence,8,1.8688300848007202,250
B_block,train_harm_full_sequence,9,1.675413727760315,250
B_block,train_harm_full_sequence,10,1.5604459047317505,250
B_block,train_harm_full_sequence,11,1.46380615234375,250
B_block,train_harm_full_sequence,12,1.3985395431518555,250
B_block,train_harm_full_sequence,13,1.349145770072937,250
B_block,train_harm_full_sequence,14,1.2574094533920288,250
B_block,train_harm_full_sequence,15,1.204745888710022,250
B_block,train_harm_full_sequence,16,1.1737850904464722,250
B_block,train_harm_full_sequence,17,1.1229888200759888,250
B_block,train_harm_full_sequence,18,1.0328314304351807,250
B_block,train_harm_full_sequence,19,1.003390908241272,250
B_block,train_harm_full_sequence,20,0.9860960245132446,250
B_block,train_harm_full_sequence,21,0.9644140005111694,250
B_block,train_harm_full_sequence,22,0.9188821315765381,250
B_block,train_harm_full_sequence,23,0.9106100797653198,250
B_block,train_harm_full_sequence,24,0.8965672254562378,250
B_block,train_harm_full_sequence,25,0.8731597065925598,250
B_block,train_harm_full_sequence,26,0.86118483543396,250
B_block,train_harm_full_sequence,27,0.8399667143821716,250
B_block,train_harm_full_sequence,28,0.8312270045280457,250
B_block,train_harm_full_sequence,29,0.7907822132110596,250
B_block,train_harm_full_sequence,30,0.784773051738739,250
B_block,train_harm_full_sequence,31,0.7696642875671387,250
B_block,train_harm_full_sequence,32,0.7608289122581482,250
concat,train_safe_full_sequence,1,13.529313087463379,250
concat,train_safe_full_sequence,2,3.020200252532959,250
concat,train_safe_full_sequence,3,2.2323145866394043,250
concat,train_safe_full_sequence,4,2.0538454055786133,250
concat,train_safe_full_sequence,5,1.9204334020614624,250
concat,train_safe_full_sequence,6,1.775866985321045,250
concat,train_safe_full_sequence,7,1.6219862699508667,250
concat,train_safe_full_sequence,8,1.4512369632720947,250
concat,train_safe_full_sequence,9,1.3032766580581665,250
concat,train_safe_full_sequence,10,1.2427033185958862,250
concat,train_safe_full_sequence,11,1.1992433071136475,250
concat,train_safe_full_sequence,12,1.168879508972168,250
concat,train_safe_full_sequence,13,1.13617742061615,250
concat,train_safe_full_sequence,14,1.0572575330734253,250
concat,train_safe_full_sequence,15,1.0174829959869385,250
concat,train_safe_full_sequence,16,0.9899020195007324,250
concat,train_safe_full_sequence,17,0.9752527475357056,250
concat,train_safe_full_sequence,18,0.960835337638855,250
concat,train_safe_full_sequence,19,0.9223728775978088,250
concat,train_safe_full_sequence,20,0.8685448169708252,250
concat,train_safe_full_sequence,21,0.8524150848388672,250
concat,train_safe_full_sequence,22,0.8399848937988281,250
concat,train_safe_full_sequence,23,0.8080884218215942,250
concat,train_safe_full_sequence,24,0.7735366821289062,250
concat,train_safe_full_sequence,25,0.7603520154953003,250
concat,train_safe_full_sequence,26,0.7277261018753052,250
concat,train_safe_full_sequence,27,0.7131908535957336,250
concat,train_safe_full_sequence,28,0.7098057270050049,250
concat,train_safe_full_sequence,29,0.7015427947044373,250
concat,train_safe_full_sequence,30,0.6937312483787537,250
concat,train_safe_full_sequence,31,0.6863100528717041,250
concat,train_safe_full_sequence,32,0.6641294360160828,250
A_block,train_safe_full_sequence,1,15.758705139160156,250
A_block,train_safe_full_sequence,2,1.6095976829528809,250
A_block,train_safe_full_sequence,3,0.9039077162742615,250
A_block,train_safe_full_sequence,4,0.7453718781471252,250
A_block,train_safe_full_sequence,5,0.5874582529067993,250
A_block,train_safe_full_sequence,6,0.5394389629364014,250
A_block,train_safe_full_sequence,7,0.40062832832336426,250
A_block,train_safe_full_sequence,8,0.39871954917907715,250
A_block,train_safe_full_sequence,9,0.35163557529449463,250
A_block,train_safe_full_sequence,10,0.3276679217815399,250
A_block,train_safe_full_sequence,11,0.3028357923030853,250
A_block,train_safe_full_sequence,12,0.29064568877220154,250
A_block,train_safe_full_sequence,13,0.28306639194488525,250
A_block,train_safe_full_sequence,14,0.2673095166683197,250
A_block,train_safe_full_sequence,15,0.25336989760398865,250
A_block,train_safe_full_sequence,16,0.24167634546756744,250
A_block,train_safe_full_sequence,17,0.23552046716213226,250
A_block,train_safe_full_sequence,18,0.22247405350208282,250
A_block,train_safe_full_sequence,19,0.21344786882400513,250
A_block,train_safe_full_sequence,20,0.2093857228755951,250
A_block,train_safe_full_sequence,21,0.2042500376701355,250
A_block,train_safe_full_sequence,22,0.20258983969688416,250
A_block,train_safe_full_sequence,23,0.19862551987171173,250
A_block,train_safe_full_sequence,24,0.19484901428222656,250
A_block,train_safe_full_sequence,25,0.19029635190963745,250
A_block,train_safe_full_sequence,26,0.187866672873497,250
A_block,train_safe_full_sequence,27,0.18200814723968506,250
A_block,train_safe_full_sequence,28,0.17793457210063934,250
A_block,train_safe_full_sequence,29,0.17328664660453796,250
A_block,train_safe_full_sequence,30,0.17128968238830566,250
A_block,train_safe_full_sequence,31,0.1661365032196045,250
A_block,train_safe_full_sequence,32,0.16208705306053162,250
B_block,train_safe_full_sequence,1,13.448637008666992,250
B_block,train_safe_full_sequence,2,3.053011417388916,250
B_block,train_safe_full_sequence,3,2.2582907676696777,250
B_block,train_safe_full_sequence,4,2.0825815200805664,250
B_block,train_safe_full_sequence,5,1.9505962133407593,250
B_block,train_safe_full_sequence,6,1.8034273386001587,250
B_block,train_safe_full_sequence,7,1.6468664407730103,250
B_block,train_safe_full_sequence,8,1.4742989540100098,250
B_block,train_safe_full_sequence,9,1.314615249633789,250
B_block,train_safe_full_sequence,10,1.259527564048767,250
B_block,train_safe_full_sequence,11,1.2152291536331177,250
B_block,train_safe_full_sequence,12,1.182015061378479,250
B_block,train_safe_full_sequence,13,1.1502501964569092,250
B_block,train_safe_full_sequence,14,1.0739905834197998,250
B_block,train_safe_full_sequence,15,1.033194899559021,250
B_block,train_safe_full_sequence,16,1.0067106485366821,250
B_block,train_safe_full_sequence,17,0.9914988279342651,250
B_block,train_safe_full_sequence,18,0.9776278734207153,250
B_block,train_safe_full_sequence,19,0.9380634427070618,250
B_block,train_safe_full_sequence,20,0.8806508183479309,250
B_block,train_safe_full_sequence,21,0.8674243092536926,250
B_block,train_safe_full_sequence,22,0.8538809418678284,250
B_block,train_safe_full_sequence,23,0.8220663666725159,250
B_block,train_safe_full_sequence,24,0.7869932651519775,250
B_block,train_safe_full_sequence,25,0.772552490234375,250
B_block,train_safe_full_sequence,26,0.7397519946098328,250
B_block,train_safe_full_sequence,27,0.7253392338752747,250
B_block,train_safe_full_sequence,28,0.721148669719696,250
B_block,train_safe_full_sequence,29,0.7121520638465881,250
B_block,train_safe_full_sequence,30,0.7058839201927185,250
B_block,train_safe_full_sequence,31,0.6978493332862854,250
B_block,train_safe_full_sequence,32,0.6753960847854614,250
concat,eval_pivot,1,9.521830558776855,250
concat,eval_pivot,2,5.795979976654053,250
concat,eval_pivot,3,5.178180694580078,250
concat,eval_pivot,4,3.639145851135254,250
concat,eval_pivot,5,3.518152952194214,250
concat,eval_pivot,6,3.2596380710601807,250
concat,eval_pivot,7,3.106811285018921,250
concat,eval_pivot,8,2.780400514602661,250
concat,eval_pivot,9,2.6758339405059814,250
concat,eval_pivot,10,2.5705227851867676,250
concat,eval_pivot,11,2.3577940464019775,250
concat,eval_pivot,12,2.249356746673584,250
concat,eval_pivot,13,2.178622007369995,250
concat,eval_pivot,14,2.1124989986419678,250
concat,eval_pivot,15,1.9783469438552856,250
concat,eval_pivot,16,1.8552145957946777,250
concat,eval_pivot,17,1.8156194686889648,250
concat,eval_pivot,18,1.773655652999878,250
concat,eval_pivot,19,1.7429269552230835,250
concat,eval_pivot,20,1.7041757106781006,250
concat,eval_pivot,21,1.6415431499481201,250
concat,eval_pivot,22,1.5767701864242554,250
concat,eval_pivot,23,1.558929681777954,250
concat,eval_pivot,24,1.5484541654586792,250
concat,eval_pivot,25,1.498530387878418,250
concat,eval_pivot,26,1.46878182888031,250
concat,eval_pivot,27,1.4462343454360962,250
concat,eval_pivot,28,1.4146738052368164,250
concat,eval_pivot,29,1.369139552116394,250
concat,eval_pivot,30,1.339066982269287,250
concat,eval_pivot,31,1.331630825996399,250
concat,eval_pivot,32,1.3096548318862915,250
A_block,eval_pivot,1,15.810025215148926,250
A_block,eval_pivot,2,4.795044422149658,250
A_block,eval_pivot,3,4.113101005554199,250
A_block,eval_pivot,4,3.3177547454833984,250
A_block,eval_pivot,5,2.671706438064575,250
A_block,eval_pivot,6,2.4782488346099854,250
A_block,eval_pivot,7,2.386712074279785,250
A_block,eval_pivot,8,1.9415544271469116,250
A_block,eval_pivot,9,1.7305684089660645,250
A_block,eval_pivot,10,1.5588074922561646,250
A_block,eval_pivot,11,1.4890601634979248,250
A_block,eval_pivot,12,1.4136096239089966,250
A_block,eval_pivot,13,1.3265435695648193,250
A_block,eval_pivot,14,1.2706893682479858,250
A_block,eval_pivot,15,1.2162684202194214,250
A_block,eval_pivot,16,1.1798222064971924,250
A_block,eval_pivot,17,1.1190866231918335,250
A_block,eval_pivot,18,1.05906343460083,250
A_block,eval_pivot,19,1.031246304512024,250
A_block,eval_pivot,20,1.0076284408569336,250
A_block,eval_pivot,21,0.9888721704483032,250
A_block,eval_pivot,22,0.9716207385063171,250
A_block,eval_pivot,23,0.9518238306045532,250
A_block,eval_pivot,24,0.9242231249809265,250
A_block,eval_pivot,25,0.9066034555435181,250
A_block,eval_pivot,26,0.8924466967582703,250
A_block,eval_pivot,27,0.8813719749450684,250
A_block,eval_pivot,28,0.8734723329544067,250
A_block,eval_pivot,29,0.8586853742599487,250
A_block,eval_pivot,30,0.8282325863838196,250
A_block,eval_pivot,31,0.8187364935874939,250
A_block,eval_pivot,32,0.8069503903388977,250
B_block,eval_pivot,1,9.482452392578125,250
B_block,eval_pivot,2,5.774023532867432,250
B_block,eval_pivot,3,5.187577724456787,250
B_block,eval_pivot,4,3.642613410949707,250
B_block,eval_pivot,5,3.5257272720336914,250
B_block,eval_pivot,6,3.268871307373047,250
B_block,eval_pivot,7,3.114945411682129,250
B_block,eval_pivot,8,2.787332057952881,250
B_block,eval_pivot,9,2.6843771934509277,250
B_block,eval_pivot,10,2.569138288497925,250
B_block,eval_pivot,11,2.364374876022339,250
B_block,eval_pivot,12,2.2546546459198,250
B_block,eval_pivot,13,2.183596611022949,250
B_block,eval_pivot,14,2.116471767425537,250
B_block,eval_pivot,15,1.9826698303222656,250
B_block,eval_pivot,16,1.8597208261489868,250
B_block,eval_pivot,17,1.8205828666687012,250
B_block,eval_pivot,18,1.7784621715545654,250
B_block,eval_pivot,19,1.7411996126174927,250
B_block,eval_pivot,20,1.7086589336395264,250
B_block,eval_pivot,21,1.6456137895584106,250
B_block,eval_pivot,22,1.5807271003723145,250
B_block,eval_pivot,23,1.562178611755371,250
B_block,eval_pivot,24,1.5517795085906982,250
B_block,eval_pivot,25,1.4987636804580688,250
B_block,eval_pivot,26,1.4719219207763672,250
B_block,eval_pivot,27,1.4488697052001953,250
B_block,eval_pivot,28,1.4178749322891235,250
B_block,eval_pivot,29,1.3723851442337036,250
B_block,eval_pivot,30,1.3421467542648315,250
B_block,eval_pivot,31,1.3340413570404053,250
B_block,eval_pivot,32,1.3131070137023926,250
concat,eval_neutral,1,9.261798858642578,250
concat,eval_neutral,2,5.363036155700684,250
concat,eval_neutral,3,4.325344085693359,250
concat,eval_neutral,4,3.8574728965759277,250
concat,eval_neutral,5,3.090428352355957,250
concat,eval_neutral,6,2.8816397190093994,250
concat,eval_neutral,7,2.798295259475708,250
concat,eval_neutral,8,2.675746202468872,250
concat,eval_neutral,9,2.51908016204834,250
concat,eval_neutral,10,2.4094650745391846,250
concat,eval_neutral,11,2.34527587890625,250
concat,eval_neutral,12,2.3009631633758545,250
concat,eval_neutral,13,2.167449951171875,250
concat,eval_neutral,14,2.0520412921905518,250
concat,eval_neutral,15,1.9854732751846313,250
concat,eval_neutral,16,1.9490209817886353,250
concat,eval_neutral,17,1.901267170906067,250
concat,eval_neutral,18,1.816522240638733,250
concat,eval_neutral,19,1.7694743871688843,250
concat,eval_neutral,20,1.7370463609695435,250
concat,eval_neutral,21,1.6721880435943604,250
concat,eval_neutral,22,1.6632972955703735,250
concat,eval_neutral,23,1.6127418279647827,250
concat,eval_neutral,24,1.5760916471481323,250
concat,eval_neutral,25,1.5500096082687378,250
concat,eval_neutral,26,1.5206056833267212,250
concat,eval_neutral,27,1.4999902248382568,250
concat,eval_neutral,28,1.4811314344406128,250
concat,eval_neutral,29,1.4395126104354858,250
concat,eval_neutral,30,1.4224369525909424,250
concat,eval_neutral,31,1.394391655921936,250
concat,eval_neutral,32,1.3623799085617065,250
A_block,eval_neutral,1,15.055953025817871,250
A_block,eval_neutral,2,4.432924270629883,250
A_block,eval_neutral,3,4.205632209777832,250
A_block,eval_neutral,4,3.3362770080566406,250
A_block,eval_neutral,5,2.8492863178253174,250
A_block,eval_neutral,6,2.6906025409698486,250
A_block,eval_neutral,7,2.2092792987823486,250
A_block,eval_neutral,8,1.7943134307861328,250
A_block,eval_neutral,9,1.6922606229782104,250
A_block,eval_neutral,10,1.6304157972335815,250
A_block,eval_neutral,11,1.5523160696029663,250
A_block,eval_neutral,12,1.5031064748764038,250
A_block,eval_neutral,13,1.4259778261184692,250
A_block,eval_neutral,14,1.279062271118164,250
A_block,eval_neutral,15,1.2556828260421753,250
A_block,eval_neutral,16,1.2409878969192505,250
A_block,eval_neutral,17,1.2158238887786865,250
A_block,eval_neutral,18,1.1609423160552979,250
A_block,eval_neutral,19,1.1330899000167847,250
A_block,eval_neutral,20,1.0977060794830322,250
A_block,eval_neutral,21,1.0635064840316772,250
A_block,eval_neutral,22,1.026570200920105,250
A_block,eval_neutral,23,0.9933717846870422,250
A_block,eval_neutral,24,0.9865145087242126,250
A_block,eval_neutral,25,0.9724891185760498,250
A_block,eval_neutral,26,0.9610176682472229,250
A_block,eval_neutral,27,0.9478602409362793,250
A_block,eval_neutral,28,0.921379804611206,250
A_block,eval_neutral,29,0.9078209400177002,250
A_block,eval_neutral,30,0.897320032119751,250
A_block,eval_neutral,31,0.8814424276351929,250
A_block,eval_neutral,32,0.8802827000617981,250
B_block,eval_neutral,1,9.244963645935059,250
B_block,eval_neutral,2,5.330661773681641,250
B_block,eval_neutral,3,4.3328704833984375,250
B_block,eval_neutral,4,3.8623175621032715,250
B_block,eval_neutral,5,3.0970277786254883,250
B_block,eval_neutral,6,2.883793354034424,250
B_block,eval_neutral,7,2.8000848293304443,250
B_block,eval_neutral,8,2.6761655807495117,250
B_block,eval_neutral,9,2.525913715362549,250
B_block,eval_neutral,10,2.4146370887756348,250
B_block,eval_neutral,11,2.3482964038848877,250
B_block,eval_neutral,12,2.3052515983581543,250
B_block,eval_neutral,13,2.1709580421447754,250
B_block,eval_neutral,14,2.0563151836395264,250
B_block,eval_neutral,15,1.987851619720459,250
B_block,eval_neutral,16,1.948635220527649,250
B_block,eval_neutral,17,1.9034124612808228,250
B_block,eval_neutral,18,1.820008635520935,250
B_block,eval_neutral,19,1.770136833190918,250
B_block,eval_neutral,20,1.7395504713058472,250
B_block,eval_neutral,21,1.6747193336486816,250
B_block,eval_neutral,22,1.6664127111434937,250
B_block,eval_neutral,23,1.6154303550720215,250
B_block,eval_neutral,24,1.577656865119934,250
B_block,eval_neutral,25,1.5532740354537964,250
B_block,eval_neutral,26,1.5222792625427246,250
B_block,eval_neutral,27,1.5023119449615479,250
B_block,eval_neutral,28,1.4830741882324219,250
B_block,eval_neutral,29,1.4424070119857788,250
B_block,eval_neutral,30,1.425713300704956,250
B_block,eval_neutral,31,1.3970258235931396,250
B_block,eval_neutral,32,1.364593744277954,250
concat,train_harm_full_sequence,1,8.790396690368652,300
concat,train_harm_full_sequence,2,4.893570899963379,300
concat,train_harm_full_sequence,3,4.413070201873779,300
concat,train_harm_full_sequence,4,3.4923946857452393,300
concat,train_harm_full_sequence,5,2.9919464588165283,300
concat,train_harm_full_sequence,6,2.651918411254883,300
concat,train_harm_full_sequence,7,2.421516180038452,300
concat,train_harm_full_sequence,8,2.292113780975342,300
concat,train_harm_full_sequence,9,2.116206169128418,300
concat,train_harm_full_sequence,10,2.044095039367676,300
concat,train_harm_full_sequence,11,1.9204421043395996,300
concat,train_harm_full_sequence,12,1.7557734251022339,300
concat,train_harm_full_sequence,13,1.6321791410446167,300
concat,train_harm_full_sequence,14,1.6234347820281982,300
concat,train_harm_full_sequence,15,1.5131657123565674,300
concat,train_harm_full_sequence,16,1.4684752225875854,300
concat,train_harm_full_sequence,17,1.4561378955841064,300
concat,train_harm_full_sequence,18,1.4121880531311035,300
concat,train_harm_full_sequence,19,1.3555858135223389,300
concat,train_harm_full_sequence,20,1.3446028232574463,300
concat,train_harm_full_sequence,21,1.3211109638214111,300
concat,train_harm_full_sequence,22,1.2856463193893433,300
concat,train_harm_full_sequence,23,1.2399914264678955,300
concat,train_harm_full_sequence,24,1.2163134813308716,300
concat,train_harm_full_sequence,25,1.1610121726989746,300
concat,train_harm_full_sequence,26,1.1332327127456665,300
concat,train_harm_full_sequence,27,1.115153431892395,300
concat,train_harm_full_sequence,28,1.0930593013763428,300
concat,train_harm_full_sequence,29,1.0622442960739136,300
concat,train_harm_full_sequence,30,1.046412467956543,300
concat,train_harm_full_sequence,31,1.0309176445007324,300
concat,train_harm_full_sequence,32,1.0074095726013184,300
A_block,train_harm_full_sequence,1,15.115934371948242,300
A_block,train_harm_full_sequence,2,3.0551562309265137,300
A_block,train_harm_full_sequence,3,2.089311122894287,300
A_block,train_harm_full_sequence,4,1.5542700290679932,300
A_block,train_harm_full_sequence,5,1.3520063161849976,300
A_block,train_harm_full_sequence,6,0.9861477613449097,300
A_block,train_harm_full_sequence,7,0.9021492600440979,300
A_block,train_harm_full_sequence,8,0.7409636974334717,300
A_block,train_harm_full_sequence,9,0.6520448923110962,300
A_block,train_harm_full_sequence,10,0.5481703281402588,300
A_block,train_harm_full_sequence,11,0.5114162564277649,300
A_block,train_harm_full_sequence,12,0.4738796353340149,300
A_block,train_harm_full_sequence,13,0.45388007164001465,300
A_block,train_harm_full_sequence,14,0.4334352910518646,300
A_block,train_harm_full_sequence,15,0.40784552693367004,300
A_block,train_harm_full_sequence,16,0.4054298996925354,300
A_block,train_harm_full_sequence,17,0.3730229139328003,300
A_block,train_harm_full_sequence,18,0.3677648603916168,300
A_block,train_harm_full_sequence,19,0.3620113134384155,300
A_block,train_harm_full_sequence,20,0.3495258390903473,300
A_block,train_harm_full_sequence,21,0.332765132188797,300
A_block,train_harm_full_sequence,22,0.3279933035373688,300
A_block,train_harm_full_sequence,23,0.32405737042427063,300
A_block,train_harm_full_sequence,24,0.3196340501308441,300
A_block,train_harm_full_sequence,25,0.31209421157836914,300
A_block,train_harm_full_sequence,26,0.3002791106700897,300
A_block,train_harm_full_sequence,27,0.29583296179771423,300
A_block,train_harm_full_sequence,28,0.28932806849479675,300
A_block,train_harm_full_sequence,29,0.2845536470413208,300
A_block,train_harm_full_sequence,30,0.2797613739967346,300
A_block,train_harm_full_sequence,31,0.27379313111305237,300
A_block,train_harm_full_sequence,32,0.268784761428833,300
B_block,train_harm_full_sequence,1,8.718732833862305,300
B_block,train_harm_full_sequence,2,4.91081428527832,300
B_block,train_harm_full_sequence,3,4.4310712814331055,300
B_block,train_harm_full_sequence,4,3.502831220626831,300
B_block,train_harm_full_sequence,5,2.9966647624969482,300
B_block,train_harm_full_sequence,6,2.6557817459106445,300
B_block,train_harm_full_sequence,7,2.4292290210723877,300
B_block,train_harm_full_sequence,8,2.2911465167999268,300
B_block,train_harm_full_sequence,9,2.1250522136688232,300
B_block,train_harm_full_sequence,10,2.0527255535125732,300
B_block,train_harm_full_sequence,11,1.9264557361602783,300
B_block,train_harm_full_sequence,12,1.7631070613861084,300
B_block,train_harm_full_sequence,13,1.6393392086029053,300
B_block,train_harm_full_sequence,14,1.6304360628128052,300
B_block,train_harm_full_sequence,15,1.518876314163208,300
B_block,train_harm_full_sequence,16,1.4735479354858398,300
B_block,train_harm_full_sequence,17,1.4611631631851196,300
B_block,train_harm_full_sequence,18,1.4186636209487915,300
B_block,train_harm_full_sequence,19,1.3617228269577026,300
B_block,train_harm_full_sequence,20,1.3506624698638916,300
B_block,train_harm_full_sequence,21,1.3266007900238037,300
B_block,train_harm_full_sequence,22,1.2909499406814575,300
B_block,train_harm_full_sequence,23,1.2457199096679688,300
B_block,train_harm_full_sequence,24,1.2211521863937378,300
B_block,train_harm_full_sequence,25,1.167115569114685,300
B_block,train_harm_full_sequence,26,1.1365548372268677,300
B_block,train_harm_full_sequence,27,1.120268702507019,300
B_block,train_harm_full_sequence,28,1.0970457792282104,300
B_block,train_harm_full_sequence,29,1.0664739608764648,300
B_block,train_harm_full_sequence,30,1.0507248640060425,300
B_block,train_harm_full_sequence,31,1.0356756448745728,300
B_block,train_harm_full_sequence,32,1.0096919536590576,300
concat,train_safe_full_sequence,1,9.760782241821289,300
concat,train_safe_full_sequence,2,4.140941619873047,300
concat,train_safe_full_sequence,3,3.705505132675171,300
concat,train_safe_full_sequence,4,3.270131826400757,300
concat,train_safe_full_sequence,5,2.8251209259033203,300
concat,train_safe_full_sequence,6,2.507110118865967,300
concat,train_safe_full_sequence,7,2.439903736114502,300
concat,train_safe_full_sequence,8,2.1530685424804688,300
concat,train_safe_full_sequence,9,1.975964903831482,300
concat,train_safe_full_sequence,10,1.8914002180099487,300
concat,train_safe_full_sequence,11,1.705277681350708,300
concat,train_safe_full_sequence,12,1.6628551483154297,300
concat,train_safe_full_sequence,13,1.6403058767318726,300
concat,train_safe_full_sequence,14,1.603706955909729,300
concat,train_safe_full_sequence,15,1.4895869493484497,300
concat,train_safe_full_sequence,16,1.4430140256881714,300
concat,train_safe_full_sequence,17,1.423745036125183,300
concat,train_safe_full_sequence,18,1.3661566972732544,300
concat,train_safe_full_sequence,19,1.3330665826797485,300
concat,train_safe_full_sequence,20,1.295397400856018,300
concat,train_safe_full_sequence,21,1.2832562923431396,300
concat,train_safe_full_sequence,22,1.2274715900421143,300
concat,train_safe_full_sequence,23,1.2193572521209717,300
concat,train_safe_full_sequence,24,1.164384126663208,300
concat,train_safe_full_sequence,25,1.1524202823638916,300
concat,train_safe_full_sequence,26,1.1221057176589966,300
concat,train_safe_full_sequence,27,1.0818785429000854,300
concat,train_safe_full_sequence,28,1.0684305429458618,300
concat,train_safe_full_sequence,29,1.0280801057815552,300
concat,train_safe_full_sequence,30,1.0108089447021484,300
concat,train_safe_full_sequence,31,1.001019835472107,300
concat,train_safe_full_sequence,32,0.9843984246253967,300
A_block,train_safe_full_sequence,1,15.073676109313965,300
A_block,train_safe_full_sequence,2,2.9181270599365234,300
A_block,train_safe_full_sequence,3,2.2289345264434814,300
A_block,train_safe_full_sequence,4,1.6130989789962769,300
A_block,train_safe_full_sequence,5,1.3707640171051025,300
A_block,train_safe_full_sequence,6,1.0368101596832275,300
A_block,train_safe_full_sequence,7,0.929439902305603,300
A_block,train_safe_full_sequence,8,0.7706473469734192,300
A_block,train_safe_full_sequence,9,0.6730563640594482,300
A_block,train_safe_full_sequence,10,0.6054436564445496,300
A_block,train_safe_full_sequence,11,0.5372540354728699,300
A_block,train_safe_full_sequence,12,0.528756856918335,300
A_block,train_safe_full_sequence,13,0.4907364249229431,300
A_block,train_safe_full_sequence,14,0.43723708391189575,300
A_block,train_safe_full_sequence,15,0.43477627635002136,300
A_block,train_safe_full_sequence,16,0.407625287771225,300
A_block,train_safe_full_sequence,17,0.3989655375480652,300
A_block,train_safe_full_sequence,18,0.37935391068458557,300
A_block,train_safe_full_sequence,19,0.3638586699962616,300
A_block,train_safe_full_sequence,20,0.35559794306755066,300
A_block,train_safe_full_sequence,21,0.3464345633983612,300
A_block,train_safe_full_sequence,22,0.3414992094039917,300
A_block,train_safe_full_sequence,23,0.33330902457237244,300
A_block,train_safe_full_sequence,24,0.323426216840744,300
A_block,train_safe_full_sequence,25,0.3070938289165497,300
A_block,train_safe_full_sequence,26,0.302715927362442,300
A_block,train_safe_full_sequence,27,0.2973531484603882,300
A_block,train_safe_full_sequence,28,0.2920200824737549,300
A_block,train_safe_full_sequence,29,0.28845274448394775,300
A_block,train_safe_full_sequence,30,0.2811988890171051,300
A_block,train_safe_full_sequence,31,0.2757398188114166,300
A_block,train_safe_full_sequence,32,0.26921725273132324,300
B_block,train_safe_full_sequence,1,9.670313835144043,300
B_block,train_safe_full_sequence,2,4.158393859863281,300
B_block,train_safe_full_sequence,3,3.725489854812622,300
B_block,train_safe_full_sequence,4,3.290881872177124,300
B_block,train_safe_full_sequence,5,2.8357765674591064,300
B_block,train_safe_full_sequence,6,2.5200462341308594,300
B_block,train_safe_full_sequence,7,2.4480819702148438,300
B_block,train_safe_full_sequence,8,2.1673779487609863,300
B_block,train_safe_full_sequence,9,1.9823665618896484,300
B_block,train_safe_full_sequence,10,1.9042792320251465,300
B_block,train_safe_full_sequence,11,1.7146847248077393,300
B_block,train_safe_full_sequence,12,1.6735111474990845,300
B_block,train_safe_full_sequence,13,1.648184895515442,300
B_block,train_safe_full_sequence,14,1.61237370967865,300
B_block,train_safe_full_sequence,15,1.4991075992584229,300
B_block,train_safe_full_sequence,16,1.4511393308639526,300
B_block,train_safe_full_sequence,17,1.4228655099868774,300
B_block,train_safe_full_sequence,18,1.3743661642074585,300
B_block,train_safe_full_sequence,19,1.3416996002197266,300
B_block,train_safe_full_sequence,20,1.3030967712402344,300
B_block,train_safe_full_sequence,21,1.2921159267425537,300
B_block,train_safe_full_sequence,22,1.234889030456543,300
B_block,train_safe_full_sequence,23,1.226245403289795,300
B_block,train_safe_full_sequence,24,1.1702686548233032,300
B_block,train_safe_full_sequence,25,1.1593222618103027,300
B_block,train_safe_full_sequence,26,1.1286072731018066,300
B_block,train_safe_full_sequence,27,1.0877734422683716,300
B_block,train_safe_full_sequence,28,1.075765609741211,300
B_block,train_safe_full_sequence,29,1.0352118015289307,300
B_block,train_safe_full_sequence,30,1.0174094438552856,300
B_block,train_safe_full_sequence,31,1.006820797920227,300
B_block,train_safe_full_sequence,32,0.9907785654067993,300
concat,eval_pivot,1,8.463311195373535,300
concat,eval_pivot,2,6.057430267333984,300
concat,eval_pivot,3,5.4523491859436035,300
concat,eval_pivot,4,3.650209426879883,300
concat,eval_pivot,5,3.579843282699585,300
concat,eval_pivot,6,3.2368173599243164,300
concat,eval_pivot,7,3.2009963989257812,300
concat,eval_pivot,8,3.0976321697235107,300
concat,eval_pivot,9,2.781785488128662,300
concat,eval_pivot,10,2.562673568725586,300
concat,eval_pivot,11,2.421673536300659,300
concat,eval_pivot,12,2.3367576599121094,300
concat,eval_pivot,13,2.203047037124634,300
concat,eval_pivot,14,2.17228627204895,300
concat,eval_pivot,15,2.0393381118774414,300
concat,eval_pivot,16,2.0109269618988037,300
concat,eval_pivot,17,1.9281768798828125,300
concat,eval_pivot,18,1.8830411434173584,300
concat,eval_pivot,19,1.820428490638733,300
concat,eval_pivot,20,1.8104891777038574,300
concat,eval_pivot,21,1.7353074550628662,300
concat,eval_pivot,22,1.6668542623519897,300
concat,eval_pivot,23,1.6384189128875732,300
concat,eval_pivot,24,1.632851481437683,300
concat,eval_pivot,25,1.5563743114471436,300
concat,eval_pivot,26,1.5297273397445679,300
concat,eval_pivot,27,1.4983254671096802,300
concat,eval_pivot,28,1.448723316192627,300
concat,eval_pivot,29,1.4442938566207886,300
concat,eval_pivot,30,1.4002227783203125,300
concat,eval_pivot,31,1.374184489250183,300
concat,eval_pivot,32,1.3395707607269287,300
A_block,eval_pivot,1,15.463639259338379,300
A_block,eval_pivot,2,5.5846357345581055,300
A_block,eval_pivot,3,4.346526622772217,300
A_block,eval_pivot,4,3.281320095062256,300
A_block,eval_pivot,5,2.825017213821411,300
A_block,eval_pivot,6,2.429994821548462,300
A_block,eval_pivot,7,2.276249647140503,300
A_block,eval_pivot,8,1.886064887046814,300
A_block,eval_pivot,9,1.7455296516418457,300
A_block,eval_pivot,10,1.548995018005371,300
A_block,eval_pivot,11,1.469936490058899,300
A_block,eval_pivot,12,1.3728684186935425,300
A_block,eval_pivot,13,1.3535892963409424,300
A_block,eval_pivot,14,1.2581952810287476,300
A_block,eval_pivot,15,1.2007689476013184,300
A_block,eval_pivot,16,1.1830790042877197,300
A_block,eval_pivot,17,1.1327794790267944,300
A_block,eval_pivot,18,1.1199488639831543,300
A_block,eval_pivot,19,1.0536775588989258,300
A_block,eval_pivot,20,1.0459017753601074,300
A_block,eval_pivot,21,1.0019742250442505,300
A_block,eval_pivot,22,0.9726195335388184,300
A_block,eval_pivot,23,0.9545415639877319,300
A_block,eval_pivot,24,0.9401311874389648,300
A_block,eval_pivot,25,0.923354983329773,300
A_block,eval_pivot,26,0.9120340943336487,300
A_block,eval_pivot,27,0.900651216506958,300
A_block,eval_pivot,28,0.8883508443832397,300
A_block,eval_pivot,29,0.8641750812530518,300
A_block,eval_pivot,30,0.8367953300476074,300
A_block,eval_pivot,31,0.8255361914634705,300
A_block,eval_pivot,32,0.8226237297058105,300
B_block,eval_pivot,1,8.439112663269043,300
B_block,eval_pivot,2,6.05380392074585,300
B_block,eval_pivot,3,5.450904846191406,300
B_block,eval_pivot,4,3.649073839187622,300
B_block,eval_pivot,5,3.5849857330322266,300
B_block,eval_pivot,6,3.2416422367095947,300
B_block,eval_pivot,7,3.205557107925415,300
B_block,eval_pivot,8,3.102520704269409,300
B_block,eval_pivot,9,2.785367488861084,300
B_block,eval_pivot,10,2.564627170562744,300
B_block,eval_pivot,11,2.4237234592437744,300
B_block,eval_pivot,12,2.3386430740356445,300
B_block,eval_pivot,13,2.2069833278656006,300
B_block,eval_pivot,14,2.175112009048462,300
B_block,eval_pivot,15,2.0420169830322266,300
B_block,eval_pivot,16,2.0140650272369385,300
B_block,eval_pivot,17,1.9255774021148682,300
B_block,eval_pivot,18,1.8863617181777954,300
B_block,eval_pivot,19,1.8232197761535645,300
B_block,eval_pivot,20,1.8130781650543213,300
B_block,eval_pivot,21,1.7337684631347656,300
B_block,eval_pivot,22,1.6682751178741455,300
B_block,eval_pivot,23,1.6411092281341553,300
B_block,eval_pivot,24,1.635166883468628,300
B_block,eval_pivot,25,1.5573334693908691,300
B_block,eval_pivot,26,1.530841588973999,300
B_block,eval_pivot,27,1.4995609521865845,300
B_block,eval_pivot,28,1.4499199390411377,300
B_block,eval_pivot,29,1.444448709487915,300
B_block,eval_pivot,30,1.401767611503601,300
B_block,eval_pivot,31,1.3761931657791138,300
B_block,eval_pivot,32,1.3412837982177734,300
concat,eval_neutral,1,9.274460792541504,300
concat,eval_neutral,2,4.818515300750732,300
concat,eval_neutral,3,4.423603057861328,300
concat,eval_neutral,4,3.815700054168701,300
concat,eval_neutral,5,3.268537998199463,300
concat,eval_neutral,6,3.0775928497314453,300
concat,eval_neutral,7,2.8899097442626953,300
concat,eval_neutral,8,2.6710777282714844,300
concat,eval_neutral,9,2.507751226425171,300
concat,eval_neutral,10,2.448432207107544,300
concat,eval_neutral,11,2.4212138652801514,300
concat,eval_neutral,12,2.315049171447754,300
concat,eval_neutral,13,2.129439115524292,300
concat,eval_neutral,14,2.074148416519165,300
concat,eval_neutral,15,2.0097463130950928,300
concat,eval_neutral,16,1.9856395721435547,300
concat,eval_neutral,17,1.936150074005127,300
concat,eval_neutral,18,1.858715534210205,300
concat,eval_neutral,19,1.8235881328582764,300
concat,eval_neutral,20,1.7362507581710815,300
concat,eval_neutral,21,1.7089009284973145,300
concat,eval_neutral,22,1.6657838821411133,300
concat,eval_neutral,23,1.639752984046936,300
concat,eval_neutral,24,1.6191531419754028,300
concat,eval_neutral,25,1.5651285648345947,300
concat,eval_neutral,26,1.5124624967575073,300
concat,eval_neutral,27,1.5044738054275513,300
concat,eval_neutral,28,1.4779497385025024,300
concat,eval_neutral,29,1.4495753049850464,300
concat,eval_neutral,30,1.434815526008606,300
concat,eval_neutral,31,1.4060574769973755,300
concat,eval_neutral,32,1.3922474384307861,300
A_block,eval_neutral,1,14.88702392578125,300
A_block,eval_neutral,2,4.57625675201416,300
A_block,eval_neutral,3,4.23968505859375,300
A_block,eval_neutral,4,3.2671995162963867,300
A_block,eval_neutral,5,2.8178470134735107,300
A_block,eval_neutral,6,2.6025807857513428,300
A_block,eval_neutral,7,2.2331128120422363,300
A_block,eval_neutral,8,1.8636428117752075,300
A_block,eval_neutral,9,1.7523530721664429,300
A_block,eval_neutral,10,1.7168684005737305,300
A_block,eval_neutral,11,1.5847185850143433,300
A_block,eval_neutral,12,1.5524057149887085,300
A_block,eval_neutral,13,1.4374819993972778,300
A_block,eval_neutral,14,1.3248138427734375,300
A_block,eval_neutral,15,1.304316520690918,300
A_block,eval_neutral,16,1.2593026161193848,300
A_block,eval_neutral,17,1.2530320882797241,300
A_block,eval_neutral,18,1.1558167934417725,300
A_block,eval_neutral,19,1.1477867364883423,300
A_block,eval_neutral,20,1.107061505317688,300
A_block,eval_neutral,21,1.0854395627975464,300
A_block,eval_neutral,22,1.0807580947875977,300
A_block,eval_neutral,23,1.0542874336242676,300
A_block,eval_neutral,24,1.025902509689331,300
A_block,eval_neutral,25,1.0006303787231445,300
A_block,eval_neutral,26,0.9546617865562439,300
A_block,eval_neutral,27,0.9479673504829407,300
A_block,eval_neutral,28,0.9412235021591187,300
A_block,eval_neutral,29,0.9237247109413147,300
A_block,eval_neutral,30,0.9088572859764099,300
A_block,eval_neutral,31,0.9011044502258301,300
A_block,eval_neutral,32,0.889188289642334,300
B_block,eval_neutral,1,9.259441375732422,300
B_block,eval_neutral,2,4.81358528137207,300
B_block,eval_neutral,3,4.422746658325195,300
B_block,eval_neutral,4,3.818192481994629,300
B_block,eval_neutral,5,3.2723751068115234,300
B_block,eval_neutral,6,3.079545497894287,300
B_block,eval_neutral,7,2.8934857845306396,300
B_block,eval_neutral,8,2.674984931945801,300
B_block,eval_neutral,9,2.509370803833008,300
B_block,eval_neutral,10,2.451732635498047,300
B_block,eval_neutral,11,2.4243531227111816,300
B_block,eval_neutral,12,2.316943645477295,300
B_block,eval_neutral,13,2.1302387714385986,300
B_block,eval_neutral,14,2.0763025283813477,300
B_block,eval_neutral,15,2.0124659538269043,300
B_block,eval_neutral,16,1.9863401651382446,300
B_block,eval_neutral,17,1.9377182722091675,300
B_block,eval_neutral,18,1.8609273433685303,300
B_block,eval_neutral,19,1.8260080814361572,300
B_block,eval_neutral,20,1.7363805770874023,300
B_block,eval_neutral,21,1.7090879678726196,300
B_block,eval_neutral,22,1.6669385433197021,300
B_block,eval_neutral,23,1.6420210599899292,300
B_block,eval_neutral,24,1.6210651397705078,300
B_block,eval_neutral,25,1.5670303106307983,300
B_block,eval_neutral,26,1.5126510858535767,300
B_block,eval_neutral,27,1.5048986673355103,300
B_block,eval_neutral,28,1.4784351587295532,300
B_block,eval_neutral,29,1.451314926147461,300
B_block,eval_neutral,30,1.4366942644119263,300
B_block,eval_neutral,31,1.4074617624282837,300
B_block,eval_neutral,32,1.3929078578948975,300
concat,train_harm_full_sequence,1,7.3216938972473145,350
concat,train_harm_full_sequence,2,4.274488925933838,350
concat,train_harm_full_sequence,3,3.951296329498291,350
concat,train_harm_full_sequence,4,3.802395820617676,350
concat,train_harm_full_sequence,5,3.025365114212036,350
concat,train_harm_full_sequence,6,2.912337303161621,350
concat,train_harm_full_sequence,7,2.623659372329712,350
concat,train_harm_full_sequence,8,2.5273306369781494,350
concat,train_harm_full_sequence,9,2.3567538261413574,350
concat,train_harm_full_sequence,10,2.2765719890594482,350
concat,train_harm_full_sequence,11,2.166797637939453,350
concat,train_harm_full_sequence,12,2.0321879386901855,350
concat,train_harm_full_sequence,13,1.9765435457229614,350
concat,train_harm_full_sequence,14,1.8821961879730225,350
concat,train_harm_full_sequence,15,1.8604406118392944,350
concat,train_harm_full_sequence,16,1.7856426239013672,350
concat,train_harm_full_sequence,17,1.7654739618301392,350
concat,train_harm_full_sequence,18,1.6170306205749512,350
concat,train_harm_full_sequence,19,1.5856895446777344,350
concat,train_harm_full_sequence,20,1.5559219121932983,350
concat,train_harm_full_sequence,21,1.4742445945739746,350
concat,train_harm_full_sequence,22,1.4397239685058594,350
concat,train_harm_full_sequence,23,1.417686104774475,350
concat,train_harm_full_sequence,24,1.3614463806152344,350
concat,train_harm_full_sequence,25,1.3197304010391235,350
concat,train_harm_full_sequence,26,1.3035887479782104,350
concat,train_harm_full_sequence,27,1.2799910306930542,350
concat,train_harm_full_sequence,28,1.2507717609405518,350
concat,train_harm_full_sequence,29,1.217816710472107,350
concat,train_harm_full_sequence,30,1.1987922191619873,350
concat,train_harm_full_sequence,31,1.1767785549163818,350
concat,train_harm_full_sequence,32,1.1631178855895996,350
A_block,train_harm_full_sequence,1,13.866350173950195,350
A_block,train_harm_full_sequence,2,4.341794967651367,350
A_block,train_harm_full_sequence,3,3.6525638103485107,350
A_block,train_harm_full_sequence,4,2.757556200027466,350
A_block,train_harm_full_sequence,5,2.126073122024536,350
A_block,train_harm_full_sequence,6,1.6424131393432617,350
A_block,train_harm_full_sequence,7,1.1215869188308716,350
A_block,train_harm_full_sequence,8,1.0947986841201782,350
A_block,train_harm_full_sequence,9,1.0207692384719849,350
A_block,train_harm_full_sequence,10,0.9138486385345459,350
A_block,train_harm_full_sequence,11,0.7311124801635742,350
A_block,train_harm_full_sequence,12,0.6536864042282104,350
A_block,train_harm_full_sequence,13,0.6366694569587708,350
A_block,train_harm_full_sequence,14,0.5918874144554138,350
A_block,train_harm_full_sequence,15,0.5677832365036011,350
A_block,train_harm_full_sequence,16,0.5585766434669495,350
A_block,train_harm_full_sequence,17,0.5452735424041748,350
A_block,train_harm_full_sequence,18,0.5051635503768921,350
A_block,train_harm_full_sequence,19,0.4971070885658264,350
A_block,train_harm_full_sequence,20,0.4678940176963806,350
A_block,train_harm_full_sequence,21,0.4567199647426605,350
A_block,train_harm_full_sequence,22,0.4515285789966583,350
A_block,train_harm_full_sequence,23,0.4329170286655426,350
A_block,train_harm_full_sequence,24,0.4276703894138336,350
A_block,train_harm_full_sequence,25,0.4103851318359375,350
A_block,train_harm_full_sequence,26,0.4032303988933563,350
A_block,train_harm_full_sequence,27,0.39757534861564636,350
A_block,train_harm_full_sequence,28,0.3884691894054413,350
A_block,train_harm_full_sequence,29,0.38141974806785583,350
A_block,train_harm_full_sequence,30,0.37472155690193176,350
A_block,train_harm_full_sequence,31,0.36258190870285034,350
A_block,train_harm_full_sequence,32,0.3621433973312378,350
B_block,train_harm_full_sequence,1,7.296448707580566,350
B_block,train_harm_full_sequence,2,4.281024932861328,350
B_block,train_harm_full_sequence,3,3.949031352996826,350
B_block,train_harm_full_sequence,4,3.8047633171081543,350
B_block,train_harm_full_sequence,5,3.0290777683258057,350
B_block,train_harm_full_sequence,6,2.9120826721191406,350
B_block,train_harm_full_sequence,7,2.6266582012176514,350
B_block,train_harm_full_sequence,8,2.527785301208496,350
B_block,train_harm_full_sequence,9,2.3603875637054443,350
B_block,train_harm_full_sequence,10,2.279543399810791,350
B_block,train_harm_full_sequence,11,2.1667990684509277,350
B_block,train_harm_full_sequence,12,2.0352139472961426,350
B_block,train_harm_full_sequence,13,1.9784139394760132,350
B_block,train_harm_full_sequence,14,1.884360671043396,350
B_block,train_harm_full_sequence,15,1.8623356819152832,350
B_block,train_harm_full_sequence,16,1.7875815629959106,350
B_block,train_harm_full_sequence,17,1.7683851718902588,350
B_block,train_harm_full_sequence,18,1.6175514459609985,350
B_block,train_harm_full_sequence,19,1.583150029182434,350
B_block,train_harm_full_sequence,20,1.557258129119873,350
B_block,train_harm_full_sequence,21,1.474572777748108,350
B_block,train_harm_full_sequence,22,1.441693663597107,350
B_block,train_harm_full_sequence,23,1.42010498046875,350
B_block,train_harm_full_sequence,24,1.361682415008545,350
B_block,train_harm_full_sequence,25,1.3219351768493652,350
B_block,train_harm_full_sequence,26,1.3052284717559814,350
B_block,train_harm_full_sequence,27,1.2815864086151123,350
B_block,train_harm_full_sequence,28,1.2524272203445435,350
B_block,train_harm_full_sequence,29,1.2192707061767578,350
B_block,train_harm_full_sequence,30,1.2005292177200317,350
B_block,train_harm_full_sequence,31,1.1784653663635254,350
B_block,train_harm_full_sequence,32,1.164656400680542,350
concat,train_safe_full_sequence,1,7.593754291534424,350
concat,train_safe_full_sequence,2,5.006163597106934,350
concat,train_safe_full_sequence,3,4.070058822631836,350
concat,train_safe_full_sequence,4,3.074472665786743,350
concat,train_safe_full_sequence,5,2.821406841278076,350
concat,train_safe_full_sequence,6,2.700150728225708,350
concat,train_safe_full_sequence,7,2.500737190246582,350
concat,train_safe_full_sequence,8,2.2860822677612305,350
concat,train_safe_full_sequence,9,2.1569862365722656,350
concat,train_safe_full_sequence,10,2.0584557056427,350
concat,train_safe_full_sequence,11,2.0240318775177,350
concat,train_safe_full_sequence,12,1.9702727794647217,350
concat,train_safe_full_sequence,13,1.8988438844680786,350
concat,train_safe_full_sequence,14,1.7815967798233032,350
concat,train_safe_full_sequence,15,1.7373217344284058,350
concat,train_safe_full_sequence,16,1.6892271041870117,350
concat,train_safe_full_sequence,17,1.6181590557098389,350
concat,train_safe_full_sequence,18,1.59203040599823,350
concat,train_safe_full_sequence,19,1.5613106489181519,350
concat,train_safe_full_sequence,20,1.5417851209640503,350
concat,train_safe_full_sequence,21,1.511414647102356,350
concat,train_safe_full_sequence,22,1.4571586847305298,350
concat,train_safe_full_sequence,23,1.417423963546753,350
concat,train_safe_full_sequence,24,1.372524619102478,350
concat,train_safe_full_sequence,25,1.334962248802185,350
concat,train_safe_full_sequence,26,1.3228793144226074,350
concat,train_safe_full_sequence,27,1.289613127708435,350
concat,train_safe_full_sequence,28,1.2422969341278076,350
concat,train_safe_full_sequence,29,1.226847529411316,350
concat,train_safe_full_sequence,30,1.2145363092422485,350
concat,train_safe_full_sequence,31,1.179397702217102,350
concat,train_safe_full_sequence,32,1.1650757789611816,350
A_block,train_safe_full_sequence,1,14.824817657470703,350
A_block,train_safe_full_sequence,2,3.5757436752319336,350
A_block,train_safe_full_sequence,3,2.591826915740967,350
A_block,train_safe_full_sequence,4,1.934491753578186,350
A_block,train_safe_full_sequence,5,1.4603990316390991,350
A_block,train_safe_full_sequence,6,1.2016935348510742,350
A_block,train_safe_full_sequence,7,0.9378066658973694,350
A_block,train_safe_full_sequence,8,0.7775402665138245,350
A_block,train_safe_full_sequence,9,0.6742919683456421,350
A_block,train_safe_full_sequence,10,0.6406978964805603,350
A_block,train_safe_full_sequence,11,0.5564320087432861,350
A_block,train_safe_full_sequence,12,0.5159063339233398,350
A_block,train_safe_full_sequence,13,0.4802475571632385,350
A_block,train_safe_full_sequence,14,0.43756863474845886,350
A_block,train_safe_full_sequence,15,0.4258570671081543,350
A_block,train_safe_full_sequence,16,0.4211086332798004,350
A_block,train_safe_full_sequence,17,0.3994286060333252,350
A_block,train_safe_full_sequence,18,0.38333749771118164,350
A_block,train_safe_full_sequence,19,0.36338815093040466,350
A_block,train_safe_full_sequence,20,0.35394471883773804,350
A_block,train_safe_full_sequence,21,0.341257244348526,350
A_block,train_safe_full_sequence,22,0.33587417006492615,350
A_block,train_safe_full_sequence,23,0.3314227759838104,350
A_block,train_safe_full_sequence,24,0.3263925611972809,350
A_block,train_safe_full_sequence,25,0.31319358944892883,350
A_block,train_safe_full_sequence,26,0.3092140257358551,350
A_block,train_safe_full_sequence,27,0.30095499753952026,350
A_block,train_safe_full_sequence,28,0.29414474964141846,350
A_block,train_safe_full_sequence,29,0.28653159737586975,350
A_block,train_safe_full_sequence,30,0.2768189311027527,350
A_block,train_safe_full_sequence,31,0.2747601270675659,350
A_block,train_safe_full_sequence,32,0.27014437317848206,350
B_block,train_safe_full_sequence,1,7.505700588226318,350
B_block,train_safe_full_sequence,2,5.024713516235352,350
B_block,train_safe_full_sequence,3,4.086201190948486,350
B_block,train_safe_full_sequence,4,3.081636667251587,350
B_block,train_safe_full_sequence,5,2.819145917892456,350
B_block,train_safe_full_sequence,6,2.7087409496307373,350
B_block,train_safe_full_sequence,7,2.509824514389038,350
B_block,train_safe_full_sequence,8,2.291768789291382,350
B_block,train_safe_full_sequence,9,2.163856029510498,350
B_block,train_safe_full_sequence,10,2.065070152282715,350
B_block,train_safe_full_sequence,11,2.032257556915283,350
B_block,train_safe_full_sequence,12,1.9773045778274536,350
B_block,train_safe_full_sequence,13,1.9064967632293701,350
B_block,train_safe_full_sequence,14,1.7872663736343384,350
B_block,train_safe_full_sequence,15,1.742557406425476,350
B_block,train_safe_full_sequence,16,1.695343255996704,350
B_block,train_safe_full_sequence,17,1.6223235130310059,350
B_block,train_safe_full_sequence,18,1.5983669757843018,350
B_block,train_safe_full_sequence,19,1.5667484998703003,350
B_block,train_safe_full_sequence,20,1.5468356609344482,350
B_block,train_safe_full_sequence,21,1.5167981386184692,350
B_block,train_safe_full_sequence,22,1.4631202220916748,350
B_block,train_safe_full_sequence,23,1.4229458570480347,350
B_block,train_safe_full_sequence,24,1.3777955770492554,350
B_block,train_safe_full_sequence,25,1.3392528295516968,350
B_block,train_safe_full_sequence,26,1.3270506858825684,350
B_block,train_safe_full_sequence,27,1.2935940027236938,350
B_block,train_safe_full_sequence,28,1.247410535812378,350
B_block,train_safe_full_sequence,29,1.2321810722351074,350
B_block,train_safe_full_sequence,30,1.2194091081619263,350
B_block,train_safe_full_sequence,31,1.183945894241333,350
B_block,train_safe_full_sequence,32,1.1694285869598389,350
concat,eval_pivot,1,7.0541205406188965,350
concat,eval_pivot,2,6.360642433166504,350
concat,eval_pivot,3,5.279325008392334,350
concat,eval_pivot,4,4.122026443481445,350
concat,eval_pivot,5,3.7819602489471436,350
concat,eval_pivot,6,3.6095292568206787,350
concat,eval_pivot,7,3.30995774269104,350
concat,eval_pivot,8,3.1756768226623535,350
concat,eval_pivot,9,2.798414945602417,350
concat,eval_pivot,10,2.5901334285736084,350
concat,eval_pivot,11,2.5192675590515137,350
concat,eval_pivot,12,2.4634413719177246,350
concat,eval_pivot,13,2.3494036197662354,350
concat,eval_pivot,14,2.17817759513855,350
concat,eval_pivot,15,2.0723748207092285,350
concat,eval_pivot,16,2.03806209564209,350
concat,eval_pivot,17,2.010596752166748,350
concat,eval_pivot,18,1.9399863481521606,350
concat,eval_pivot,19,1.901580572128296,350
concat,eval_pivot,20,1.8593738079071045,350
concat,eval_pivot,21,1.7979283332824707,350
concat,eval_pivot,22,1.7737414836883545,350
concat,eval_pivot,23,1.7278608083724976,350
concat,eval_pivot,24,1.640738606452942,350
concat,eval_pivot,25,1.6229805946350098,350
concat,eval_pivot,26,1.6143500804901123,350
concat,eval_pivot,27,1.5648854970932007,350
concat,eval_pivot,28,1.5471247434616089,350
concat,eval_pivot,29,1.4775999784469604,350
concat,eval_pivot,30,1.4544272422790527,350
concat,eval_pivot,31,1.449857234954834,350
concat,eval_pivot,32,1.4222943782806396,350
A_block,eval_pivot,1,14.805161476135254,350
A_block,eval_pivot,2,6.2681884765625,350
A_block,eval_pivot,3,4.708946228027344,350
A_block,eval_pivot,4,3.7475738525390625,350
A_block,eval_pivot,5,3.379589319229126,350
A_block,eval_pivot,6,2.4080395698547363,350
A_block,eval_pivot,7,2.2365660667419434,350
A_block,eval_pivot,8,1.822838306427002,350
A_block,eval_pivot,9,1.7708419561386108,350
A_block,eval_pivot,10,1.664298415184021,350
A_block,eval_pivot,11,1.6048645973205566,350
A_block,eval_pivot,12,1.397630214691162,350
A_block,eval_pivot,13,1.3758031129837036,350
A_block,eval_pivot,14,1.3285889625549316,350
A_block,eval_pivot,15,1.2201440334320068,350
A_block,eval_pivot,16,1.1682356595993042,350
A_block,eval_pivot,17,1.147223711013794,350
A_block,eval_pivot,18,1.0991952419281006,350
A_block,eval_pivot,19,1.0801864862442017,350
A_block,eval_pivot,20,1.0547713041305542,350
A_block,eval_pivot,21,1.0122015476226807,350
A_block,eval_pivot,22,0.9880889654159546,350
A_block,eval_pivot,23,0.9640856981277466,350
A_block,eval_pivot,24,0.932597815990448,350
A_block,eval_pivot,25,0.9184433221817017,350
A_block,eval_pivot,26,0.8918510675430298,350
A_block,eval_pivot,27,0.8886313438415527,350
A_block,eval_pivot,28,0.8599115014076233,350
A_block,eval_pivot,29,0.8575037717819214,350
A_block,eval_pivot,30,0.8502928018569946,350
A_block,eval_pivot,31,0.8381223678588867,350
A_block,eval_pivot,32,0.8127198219299316,350
B_block,eval_pivot,1,7.045065879821777,350
B_block,eval_pivot,2,6.36652946472168,350
B_block,eval_pivot,3,5.263792037963867,350
B_block,eval_pivot,4,4.1186418533325195,350
B_block,eval_pivot,5,3.7847557067871094,350
B_block,eval_pivot,6,3.6103265285491943,350
B_block,eval_pivot,7,3.3130273818969727,350
B_block,eval_pivot,8,3.1785478591918945,350
B_block,eval_pivot,9,2.8005588054656982,350
B_block,eval_pivot,10,2.5906293392181396,350
B_block,eval_pivot,11,2.5213186740875244,350
B_block,eval_pivot,12,2.464752674102783,350
B_block,eval_pivot,13,2.3514797687530518,350
B_block,eval_pivot,14,2.180302619934082,350
B_block,eval_pivot,15,2.070124387741089,350
B_block,eval_pivot,16,2.0379576683044434,350
B_block,eval_pivot,17,2.0108225345611572,350
B_block,eval_pivot,18,1.9421182870864868,350
B_block,eval_pivot,19,1.9029854536056519,350
B_block,eval_pivot,20,1.860997200012207,350
B_block,eval_pivot,21,1.7992886304855347,350
B_block,eval_pivot,22,1.7738081216812134,350
B_block,eval_pivot,23,1.7288621664047241,350
B_block,eval_pivot,24,1.6426860094070435,350
B_block,eval_pivot,25,1.6231218576431274,350
B_block,eval_pivot,26,1.615357518196106,350
B_block,eval_pivot,27,1.5645618438720703,350
B_block,eval_pivot,28,1.5478012561798096,350
B_block,eval_pivot,29,1.4786508083343506,350
B_block,eval_pivot,30,1.4552825689315796,350
B_block,eval_pivot,31,1.4509224891662598,350
B_block,eval_pivot,32,1.423492431640625,350
concat,eval_neutral,1,9.308673858642578,350
concat,eval_neutral,2,5.012990951538086,350
concat,eval_neutral,3,3.8910574913024902,350
concat,eval_neutral,4,3.654622793197632,350
concat,eval_neutral,5,3.2770023345947266,350
concat,eval_neutral,6,3.1031157970428467,350
concat,eval_neutral,7,2.9795949459075928,350
concat,eval_neutral,8,2.8849451541900635,350
concat,eval_neutral,9,2.5740537643432617,350
concat,eval_neutral,10,2.412410020828247,350
concat,eval_neutral,11,2.306105136871338,350
concat,eval_neutral,12,2.2574217319488525,350
concat,eval_neutral,13,2.202608823776245,350
concat,eval_neutral,14,2.102004051208496,350
concat,eval_neutral,15,2.033299446105957,350
concat,eval_neutral,16,1.9497302770614624,350
concat,eval_neutral,17,1.9036792516708374,350
concat,eval_neutral,18,1.8565165996551514,350
concat,eval_neutral,19,1.8201106786727905,350
concat,eval_neutral,20,1.8077853918075562,350
concat,eval_neutral,21,1.7479138374328613,350
concat,eval_neutral,22,1.704361915588379,350
concat,eval_neutral,23,1.6615958213806152,350
concat,eval_neutral,24,1.6524425745010376,350
concat,eval_neutral,25,1.6347471475601196,350
concat,eval_neutral,26,1.5877416133880615,350
concat,eval_neutral,27,1.570386528968811,350
concat,eval_neutral,28,1.5116950273513794,350
concat,eval_neutral,29,1.4598628282546997,350
concat,eval_neutral,30,1.433718204498291,350
concat,eval_neutral,31,1.4203978776931763,350
concat,eval_neutral,32,1.3854601383209229,350
A_block,eval_neutral,1,14.074467658996582,350
A_block,eval_neutral,2,5.519909381866455,350
A_block,eval_neutral,3,4.430805683135986,350
A_block,eval_neutral,4,3.8528201580047607,350
A_block,eval_neutral,5,3.3790383338928223,350
A_block,eval_neutral,6,2.849766492843628,350
A_block,eval_neutral,7,2.2580482959747314,350
A_block,eval_neutral,8,1.9491900205612183,350
A_block,eval_neutral,9,1.8705264329910278,350
A_block,eval_neutral,10,1.706186056137085,350
A_block,eval_neutral,11,1.6204860210418701,350
A_block,eval_neutral,12,1.5107566118240356,350
A_block,eval_neutral,13,1.4273124933242798,350
A_block,eval_neutral,14,1.3906117677688599,350
A_block,eval_neutral,15,1.2788242101669312,350
A_block,eval_neutral,16,1.2725685834884644,350
A_block,eval_neutral,17,1.2630115747451782,350
A_block,eval_neutral,18,1.1621531248092651,350
A_block,eval_neutral,19,1.1471128463745117,350
A_block,eval_neutral,20,1.1072235107421875,350
A_block,eval_neutral,21,1.0805943012237549,350
A_block,eval_neutral,22,1.0769120454788208,350
A_block,eval_neutral,23,1.0582627058029175,350
A_block,eval_neutral,24,1.0483744144439697,350
A_block,eval_neutral,25,1.0111280679702759,350
A_block,eval_neutral,26,1.006817102432251,350
A_block,eval_neutral,27,0.9759756922721863,350
A_block,eval_neutral,28,0.9517033696174622,350
A_block,eval_neutral,29,0.942582368850708,350
A_block,eval_neutral,30,0.9309764504432678,350
A_block,eval_neutral,31,0.9103626012802124,350
A_block,eval_neutral,32,0.9069510102272034,350
B_block,eval_neutral,1,9.302886009216309,350
B_block,eval_neutral,2,5.016940116882324,350
B_block,eval_neutral,3,3.8866631984710693,350
B_block,eval_neutral,4,3.6566874980926514,350
B_block,eval_neutral,5,3.275376796722412,350
B_block,eval_neutral,6,3.1020655632019043,350
B_block,eval_neutral,7,2.982323169708252,350
B_block,eval_neutral,8,2.886803388595581,350
B_block,eval_neutral,9,2.575523614883423,350
B_block,eval_neutral,10,2.4144766330718994,350
B_block,eval_neutral,11,2.307201862335205,350
B_block,eval_neutral,12,2.2591075897216797,350
B_block,eval_neutral,13,2.204415798187256,350
B_block,eval_neutral,14,2.1034157276153564,350
B_block,eval_neutral,15,2.0345754623413086,350
B_block,eval_neutral,16,1.9500740766525269,350
B_block,eval_neutral,17,1.9039595127105713,350
B_block,eval_neutral,18,1.8550039529800415,350
B_block,eval_neutral,19,1.8210277557373047,350
B_block,eval_neutral,20,1.8089241981506348,350
B_block,eval_neutral,21,1.7488012313842773,350
B_block,eval_neutral,22,1.7040894031524658,350
B_block,eval_neutral,23,1.6614174842834473,350
B_block,eval_neutral,24,1.653283715248108,350
B_block,eval_neutral,25,1.6346662044525146,350
B_block,eval_neutral,26,1.5868064165115356,350
B_block,eval_neutral,27,1.570464015007019,350
B_block,eval_neutral,28,1.5103837251663208,350
B_block,eval_neutral,29,1.460571050643921,350
B_block,eval_neutral,30,1.4346290826797485,350
B_block,eval_neutral,31,1.4214887619018555,350
B_block,eval_neutral,32,1.386385202407837,350
concat,train_harm_full_sequence,1,5.103586673736572,400
concat,train_harm_full_sequence,2,4.777524471282959,400
concat,train_harm_full_sequence,3,4.366929054260254,400
concat,train_harm_full_sequence,4,3.8467798233032227,400
concat,train_harm_full_sequence,5,3.17730975151062,400
concat,train_harm_full_sequence,6,2.936755657196045,400
concat,train_harm_full_sequence,7,2.8713948726654053,400
concat,train_harm_full_sequence,8,2.6688849925994873,400
concat,train_harm_full_sequence,9,2.5173604488372803,400
concat,train_harm_full_sequence,10,2.3817849159240723,400
concat,train_harm_full_sequence,11,2.258589029312134,400
concat,train_harm_full_sequence,12,2.15220046043396,400
concat,train_harm_full_sequence,13,2.0928611755371094,400
concat,train_harm_full_sequence,14,1.9225444793701172,400
concat,train_harm_full_sequence,15,1.8555066585540771,400
concat,train_harm_full_sequence,16,1.8190637826919556,400
concat,train_harm_full_sequence,17,1.7847729921340942,400
concat,train_harm_full_sequence,18,1.7182039022445679,400
concat,train_harm_full_sequence,19,1.6483666896820068,400
concat,train_harm_full_sequence,20,1.634235143661499,400
concat,train_harm_full_sequence,21,1.5826698541641235,400
concat,train_harm_full_sequence,22,1.5554180145263672,400
concat,train_harm_full_sequence,23,1.5206751823425293,400
concat,train_harm_full_sequence,24,1.4627665281295776,400
concat,train_harm_full_sequence,25,1.437896728515625,400
concat,train_harm_full_sequence,26,1.3987674713134766,400
concat,train_harm_full_sequence,27,1.3837268352508545,400
concat,train_harm_full_sequence,28,1.348559021949768,400
concat,train_harm_full_sequence,29,1.3310370445251465,400
concat,train_harm_full_sequence,30,1.318481206893921,400
concat,train_harm_full_sequence,31,1.2611693143844604,400
concat,train_harm_full_sequence,32,1.2550482749938965,400
A_block,train_harm_full_sequence,1,13.264177322387695,400
A_block,train_harm_full_sequence,2,4.783740997314453,400
A_block,train_harm_full_sequence,3,4.236616134643555,400
A_block,train_harm_full_sequence,4,3.1030256748199463,400
A_block,train_harm_full_sequence,5,2.423288583755493,400
A_block,train_harm_full_sequence,6,2.1287314891815186,400
A_block,train_harm_full_sequence,7,1.4056099653244019,400
A_block,train_harm_full_sequence,8,1.2641509771347046,400
A_block,train_harm_full_sequence,9,1.0383309125900269,400
A_block,train_harm_full_sequence,10,0.9625303149223328,400
A_block,train_harm_full_sequence,11,0.7935688495635986,400
A_block,train_harm_full_sequence,12,0.6940864324569702,400
A_block,train_harm_full_sequence,13,0.6628780961036682,400
A_block,train_harm_full_sequence,14,0.6387971043586731,400
A_block,train_harm_full_sequence,15,0.6162692308425903,400
A_block,train_harm_full_sequence,16,0.5847166776657104,400
A_block,train_harm_full_sequence,17,0.5528190732002258,400
A_block,train_harm_full_sequence,18,0.5330418348312378,400
A_block,train_harm_full_sequence,19,0.5141745209693909,400
A_block,train_harm_full_sequence,20,0.5089264512062073,400
A_block,train_harm_full_sequence,21,0.49732890725135803,400
A_block,train_harm_full_sequence,22,0.47480660676956177,400
A_block,train_harm_full_sequence,23,0.4641337990760803,400
A_block,train_harm_full_sequence,24,0.4343618154525757,400
A_block,train_harm_full_sequence,25,0.42690062522888184,400
A_block,train_harm_full_sequence,26,0.41930830478668213,400
A_block,train_harm_full_sequence,27,0.40076085925102234,400
A_block,train_harm_full_sequence,28,0.39962947368621826,400
A_block,train_harm_full_sequence,29,0.39397132396698,400
A_block,train_harm_full_sequence,30,0.38484302163124084,400
A_block,train_harm_full_sequence,31,0.38154056668281555,400
A_block,train_harm_full_sequence,32,0.3757425546646118,400
B_block,train_harm_full_sequence,1,5.0865864753723145,400
B_block,train_harm_full_sequence,2,4.779311180114746,400
B_block,train_harm_full_sequence,3,4.369009017944336,400
B_block,train_harm_full_sequence,4,3.836815357208252,400
B_block,train_harm_full_sequence,5,3.1788887977600098,400
B_block,train_harm_full_sequence,6,2.938610076904297,400
B_block,train_harm_full_sequence,7,2.8738009929656982,400
B_block,train_harm_full_sequence,8,2.66792631149292,400
B_block,train_harm_full_sequence,9,2.518545627593994,400
B_block,train_harm_full_sequence,10,2.382486343383789,400
B_block,train_harm_full_sequence,11,2.2611024379730225,400
B_block,train_harm_full_sequence,12,2.153347969055176,400
B_block,train_harm_full_sequence,13,2.094398260116577,400
B_block,train_harm_full_sequence,14,1.9233464002609253,400
B_block,train_harm_full_sequence,15,1.8574600219726562,400
B_block,train_harm_full_sequence,16,1.8200703859329224,400
B_block,train_harm_full_sequence,17,1.7851991653442383,400
B_block,train_harm_full_sequence,18,1.7170685529708862,400
B_block,train_harm_full_sequence,19,1.6486488580703735,400
B_block,train_harm_full_sequence,20,1.6345752477645874,400
B_block,train_harm_full_sequence,21,1.584115982055664,400
B_block,train_harm_full_sequence,22,1.5569870471954346,400
B_block,train_harm_full_sequence,23,1.5223246812820435,400
B_block,train_harm_full_sequence,24,1.4636635780334473,400
B_block,train_harm_full_sequence,25,1.4383481740951538,400
B_block,train_harm_full_sequence,26,1.3993180990219116,400
B_block,train_harm_full_sequence,27,1.38437819480896,400
B_block,train_harm_full_sequence,28,1.3503167629241943,400
B_block,train_harm_full_sequence,29,1.3322111368179321,400
B_block,train_harm_full_sequence,30,1.319648027420044,400
B_block,train_harm_full_sequence,31,1.261534571647644,400
B_block,train_harm_full_sequence,32,1.2564655542373657,400
concat,train_safe_full_sequence,1,6.256187915802002,400
concat,train_safe_full_sequence,2,5.454916000366211,400
concat,train_safe_full_sequence,3,4.23663854598999,400
concat,train_safe_full_sequence,4,3.2228617668151855,400
concat,train_safe_full_sequence,5,2.9813742637634277,400
concat,train_safe_full_sequence,6,2.774712324142456,400
concat,train_safe_full_sequence,7,2.481797456741333,400
concat,train_safe_full_sequence,8,2.45713210105896,400
concat,train_safe_full_sequence,9,2.2558133602142334,400
concat,train_safe_full_sequence,10,2.1858294010162354,400
concat,train_safe_full_sequence,11,2.1422195434570312,400
concat,train_safe_full_sequence,12,2.113966226577759,400
concat,train_safe_full_sequence,13,1.9471583366394043,400
concat,train_safe_full_sequence,14,1.878082513809204,400
concat,train_safe_full_sequence,15,1.8401848077774048,400
concat,train_safe_full_sequence,16,1.820070505142212,400
concat,train_safe_full_sequence,17,1.768579125404358,400
concat,train_safe_full_sequence,18,1.7115418910980225,400
concat,train_safe_full_sequence,19,1.6458991765975952,400
concat,train_safe_full_sequence,20,1.576866626739502,400
concat,train_safe_full_sequence,21,1.563973307609558,400
concat,train_safe_full_sequence,22,1.5470621585845947,400
concat,train_safe_full_sequence,23,1.4585925340652466,400
concat,train_safe_full_sequence,24,1.4352182149887085,400
concat,train_safe_full_sequence,25,1.3799004554748535,400
concat,train_safe_full_sequence,26,1.355041742324829,400
concat,train_safe_full_sequence,27,1.34335458278656,400
concat,train_safe_full_sequence,28,1.3139641284942627,400
concat,train_safe_full_sequence,29,1.297420620918274,400
concat,train_safe_full_sequence,30,1.26962149143219,400
concat,train_safe_full_sequence,31,1.2431252002716064,400
concat,train_safe_full_sequence,32,1.224255919456482,400
A_block,train_safe_full_sequence,1,13.635663032531738,400
A_block,train_safe_full_sequence,2,5.3048906326293945,400
A_block,train_safe_full_sequence,3,4.101278781890869,400
A_block,train_safe_full_sequence,4,2.542729139328003,400
A_block,train_safe_full_sequence,5,1.821590781211853,400
A_block,train_safe_full_sequence,6,1.5930391550064087,400
A_block,train_safe_full_sequence,7,1.126084327697754,400
A_block,train_safe_full_sequence,8,0.8945824503898621,400
A_block,train_safe_full_sequence,9,0.8174406886100769,400
A_block,train_safe_full_sequence,10,0.7126505374908447,400
A_block,train_safe_full_sequence,11,0.6958937644958496,400
A_block,train_safe_full_sequence,12,0.6511738896369934,400
A_block,train_safe_full_sequence,13,0.5516481399536133,400
A_block,train_safe_full_sequence,14,0.5324734449386597,400
A_block,train_safe_full_sequence,15,0.4851153790950775,400
A_block,train_safe_full_sequence,16,0.4757344424724579,400
A_block,train_safe_full_sequence,17,0.4641881585121155,400
A_block,train_safe_full_sequence,18,0.44653648138046265,400
A_block,train_safe_full_sequence,19,0.4361429214477539,400
A_block,train_safe_full_sequence,20,0.4222338795661926,400
A_block,train_safe_full_sequence,21,0.41069865226745605,400
A_block,train_safe_full_sequence,22,0.3964293599128723,400
A_block,train_safe_full_sequence,23,0.38426169753074646,400
A_block,train_safe_full_sequence,24,0.36763638257980347,400
A_block,train_safe_full_sequence,25,0.3597925007343292,400
A_block,train_safe_full_sequence,26,0.3536071181297302,400
A_block,train_safe_full_sequence,27,0.34647825360298157,400
A_block,train_safe_full_sequence,28,0.3410366475582123,400
A_block,train_safe_full_sequence,29,0.33124786615371704,400
A_block,train_safe_full_sequence,30,0.32830631732940674,400
A_block,train_safe_full_sequence,31,0.32174068689346313,400
A_block,train_safe_full_sequence,32,0.32075464725494385,400
B_block,train_safe_full_sequence,1,6.262749671936035,400
B_block,train_safe_full_sequence,2,5.391119956970215,400
B_block,train_safe_full_sequence,3,4.244194030761719,400
B_block,train_safe_full_sequence,4,3.2303972244262695,400
B_block,train_safe_full_sequence,5,2.9874024391174316,400
B_block,train_safe_full_sequence,6,2.77445125579834,400
B_block,train_safe_full_sequence,7,2.481781244277954,400
B_block,train_safe_full_sequence,8,2.458042621612549,400
B_block,train_safe_full_sequence,9,2.260133743286133,400
B_block,train_safe_full_sequence,10,2.189427614212036,400
B_block,train_safe_full_sequence,11,2.1468093395233154,400
B_block,train_safe_full_sequence,12,2.1173462867736816,400
B_block,train_safe_full_sequence,13,1.9470105171203613,400
B_block,train_safe_full_sequence,14,1.881607174873352,400
B_block,train_safe_full_sequence,15,1.8439443111419678,400
B_block,train_safe_full_sequence,16,1.8235366344451904,400
B_block,train_safe_full_sequence,17,1.771037220954895,400
B_block,train_safe_full_sequence,18,1.7143161296844482,400
B_block,train_safe_full_sequence,19,1.6496796607971191,400
B_block,train_safe_full_sequence,20,1.5796377658843994,400
B_block,train_safe_full_sequence,21,1.5674362182617188,400
B_block,train_safe_full_sequence,22,1.5490753650665283,400
B_block,train_safe_full_sequence,23,1.4605872631072998,400
B_block,train_safe_full_sequence,24,1.4378317594528198,400
B_block,train_safe_full_sequence,25,1.3817609548568726,400
B_block,train_safe_full_sequence,26,1.3585841655731201,400
B_block,train_safe_full_sequence,27,1.3458226919174194,400
B_block,train_safe_full_sequence,28,1.3166606426239014,400
B_block,train_safe_full_sequence,29,1.3000553846359253,400
B_block,train_safe_full_sequence,30,1.27110755443573,400
B_block,train_safe_full_sequence,31,1.245938777923584,400
B_block,train_safe_full_sequence,32,1.226861596107483,400
concat,eval_pivot,1,6.7768659591674805,400
concat,eval_pivot,2,5.985179424285889,400
concat,eval_pivot,3,4.757727146148682,400
concat,eval_pivot,4,4.359307289123535,400
concat,eval_pivot,5,3.974672794342041,400
concat,eval_pivot,6,3.9008259773254395,400
concat,eval_pivot,7,3.562871217727661,400
concat,eval_pivot,8,3.210617780685425,400
concat,eval_pivot,9,2.843129873275757,400
concat,eval_pivot,10,2.724865436553955,400
concat,eval_pivot,11,2.6310534477233887,400
concat,eval_pivot,12,2.5942814350128174,400
concat,eval_pivot,13,2.3816113471984863,400
concat,eval_pivot,14,2.234212875366211,400
concat,eval_pivot,15,2.071582078933716,400
concat,eval_pivot,16,2.057070016860962,400
concat,eval_pivot,17,2.002277135848999,400
concat,eval_pivot,18,1.9452464580535889,400
concat,eval_pivot,19,1.8960176706314087,400
concat,eval_pivot,20,1.8487738370895386,400
concat,eval_pivot,21,1.8340448141098022,400
concat,eval_pivot,22,1.7977453470230103,400
concat,eval_pivot,23,1.7502241134643555,400
concat,eval_pivot,24,1.706480622291565,400
concat,eval_pivot,25,1.6373482942581177,400
concat,eval_pivot,26,1.628932237625122,400
concat,eval_pivot,27,1.592892050743103,400
concat,eval_pivot,28,1.5580936670303345,400
concat,eval_pivot,29,1.5279808044433594,400
concat,eval_pivot,30,1.5215668678283691,400
concat,eval_pivot,31,1.4265751838684082,400
concat,eval_pivot,32,1.4264270067214966,400
A_block,eval_pivot,1,14.042505264282227,400
A_block,eval_pivot,2,6.958035469055176,400
A_block,eval_pivot,3,4.874172687530518,400
A_block,eval_pivot,4,4.429084300994873,400
A_block,eval_pivot,5,3.8699774742126465,400
A_block,eval_pivot,6,2.515303134918213,400
A_block,eval_pivot,7,2.111924648284912,400
A_block,eval_pivot,8,1.989687442779541,400
A_block,eval_pivot,9,1.8354437351226807,400
A_block,eval_pivot,10,1.6188386678695679,400
A_block,eval_pivot,11,1.519386887550354,400
A_block,eval_pivot,12,1.4741541147232056,400
A_block,eval_pivot,13,1.4224433898925781,400
A_block,eval_pivot,14,1.3101468086242676,400
A_block,eval_pivot,15,1.2180256843566895,400
A_block,eval_pivot,16,1.166780710220337,400
A_block,eval_pivot,17,1.1372795104980469,400
A_block,eval_pivot,18,1.13398015499115,400
A_block,eval_pivot,19,1.0712471008300781,400
A_block,eval_pivot,20,1.0408992767333984,400
A_block,eval_pivot,21,1.0062673091888428,400
A_block,eval_pivot,22,0.988822877407074,400
A_block,eval_pivot,23,0.9699406623840332,400
A_block,eval_pivot,24,0.9362108707427979,400
A_block,eval_pivot,25,0.9168809652328491,400
A_block,eval_pivot,26,0.9100713729858398,400
A_block,eval_pivot,27,0.9006827473640442,400
A_block,eval_pivot,28,0.8907567262649536,400
A_block,eval_pivot,29,0.8583996891975403,400
A_block,eval_pivot,30,0.8435623049736023,400
A_block,eval_pivot,31,0.8260428309440613,400
A_block,eval_pivot,32,0.82090824842453,400
B_block,eval_pivot,1,6.776927471160889,400
B_block,eval_pivot,2,5.989583492279053,400
B_block,eval_pivot,3,4.7391204833984375,400
B_block,eval_pivot,4,4.354549407958984,400
B_block,eval_pivot,5,3.976975917816162,400
B_block,eval_pivot,6,3.9016377925872803,400
B_block,eval_pivot,7,3.5640954971313477,400
B_block,eval_pivot,8,3.2130813598632812,400
B_block,eval_pivot,9,2.8420445919036865,400
B_block,eval_pivot,10,2.724388837814331,400
B_block,eval_pivot,11,2.632996082305908,400
B_block,eval_pivot,12,2.596057176589966,400
B_block,eval_pivot,13,2.3824899196624756,400
B_block,eval_pivot,14,2.2353053092956543,400
B_block,eval_pivot,15,2.072157859802246,400
B_block,eval_pivot,16,2.058382272720337,400
B_block,eval_pivot,17,2.0035037994384766,400
B_block,eval_pivot,18,1.9460424184799194,400
B_block,eval_pivot,19,1.8949841260910034,400
B_block,eval_pivot,20,1.8497146368026733,400
B_block,eval_pivot,21,1.8342372179031372,400
B_block,eval_pivot,22,1.7979974746704102,400
B_block,eval_pivot,23,1.7512834072113037,400
B_block,eval_pivot,24,1.7075318098068237,400
B_block,eval_pivot,25,1.637661099433899,400
B_block,eval_pivot,26,1.6298203468322754,400
B_block,eval_pivot,27,1.5933650732040405,400
B_block,eval_pivot,28,1.5582590103149414,400
B_block,eval_pivot,29,1.5287795066833496,400
B_block,eval_pivot,30,1.5221076011657715,400
B_block,eval_pivot,31,1.4273338317871094,400
B_block,eval_pivot,32,1.426316738128662,400
concat,eval_neutral,1,8.730440139770508,400
concat,eval_neutral,2,4.986109733581543,400
concat,eval_neutral,3,3.7000718116760254,400
concat,eval_neutral,4,3.5685019493103027,400
concat,eval_neutral,5,3.5259220600128174,400
concat,eval_neutral,6,3.248527765274048,400
concat,eval_neutral,7,2.9510154724121094,400
concat,eval_neutral,8,2.82733416557312,400
concat,eval_neutral,9,2.647627592086792,400
concat,eval_neutral,10,2.437443494796753,400
concat,eval_neutral,11,2.329739809036255,400
concat,eval_neutral,12,2.3049027919769287,400
concat,eval_neutral,13,2.2735393047332764,400
concat,eval_neutral,14,2.183161497116089,400
concat,eval_neutral,15,2.137678384780884,400
concat,eval_neutral,16,2.0241496562957764,400
concat,eval_neutral,17,1.9675782918930054,400
concat,eval_neutral,18,1.9314154386520386,400
concat,eval_neutral,19,1.9019526243209839,400
concat,eval_neutral,20,1.8041965961456299,400
concat,eval_neutral,21,1.7808310985565186,400
concat,eval_neutral,22,1.7637512683868408,400
concat,eval_neutral,23,1.7211580276489258,400
concat,eval_neutral,24,1.7008177042007446,400
concat,eval_neutral,25,1.6670236587524414,400
concat,eval_neutral,26,1.6090712547302246,400
concat,eval_neutral,27,1.5937966108322144,400
concat,eval_neutral,28,1.567113995552063,400
concat,eval_neutral,29,1.5257534980773926,400
concat,eval_neutral,30,1.4922152757644653,400
concat,eval_neutral,31,1.4673477411270142,400
concat,eval_neutral,32,1.4336038827896118,400
A_block,eval_neutral,1,12.912931442260742,400
A_block,eval_neutral,2,6.310543537139893,400
A_block,eval_neutral,3,4.795682430267334,400
A_block,eval_neutral,4,4.659508228302002,400
A_block,eval_neutral,5,3.783989429473877,400
A_block,eval_neutral,6,3.035705089569092,400
A_block,eval_neutral,7,2.3914828300476074,400
A_block,eval_neutral,8,2.0188100337982178,400
A_block,eval_neutral,9,1.9752556085586548,400
A_block,eval_neutral,10,1.7279390096664429,400
A_block,eval_neutral,11,1.626417875289917,400
A_block,eval_neutral,12,1.5260127782821655,400
A_block,eval_neutral,13,1.4698694944381714,400
A_block,eval_neutral,14,1.4324411153793335,400
A_block,eval_neutral,15,1.3822449445724487,400
A_block,eval_neutral,16,1.3294695615768433,400
A_block,eval_neutral,17,1.2779085636138916,400
A_block,eval_neutral,18,1.2545844316482544,400
A_block,eval_neutral,19,1.1826286315917969,400
A_block,eval_neutral,20,1.1447081565856934,400
A_block,eval_neutral,21,1.1160768270492554,400
A_block,eval_neutral,22,1.107202172279358,400
A_block,eval_neutral,23,1.0869017839431763,400
A_block,eval_neutral,24,1.0727976560592651,400
A_block,eval_neutral,25,1.0342098474502563,400
A_block,eval_neutral,26,1.0100488662719727,400
A_block,eval_neutral,27,0.9997157454490662,400
A_block,eval_neutral,28,0.9873076677322388,400
A_block,eval_neutral,29,0.9856608510017395,400
A_block,eval_neutral,30,0.9601099491119385,400
A_block,eval_neutral,31,0.9448736906051636,400
A_block,eval_neutral,32,0.9286068677902222,400
B_block,eval_neutral,1,8.72829532623291,400
B_block,eval_neutral,2,4.988414764404297,400
B_block,eval_neutral,3,3.701038122177124,400
B_block,eval_neutral,4,3.5657336711883545,400
B_block,eval_neutral,5,3.5274085998535156,400
B_block,eval_neutral,6,3.244903326034546,400
B_block,eval_neutral,7,2.9529852867126465,400
B_block,eval_neutral,8,2.828667163848877,400
B_block,eval_neutral,9,2.648723602294922,400
B_block,eval_neutral,10,2.43880033493042,400
B_block,eval_neutral,11,2.330909013748169,400
B_block,eval_neutral,12,2.304306745529175,400
B_block,eval_neutral,13,2.274712562561035,400
B_block,eval_neutral,14,2.1841983795166016,400
B_block,eval_neutral,15,2.1388490200042725,400
B_block,eval_neutral,16,2.024583578109741,400
B_block,eval_neutral,17,1.9681814908981323,400
B_block,eval_neutral,18,1.931993842124939,400
B_block,eval_neutral,19,1.900928020477295,400
B_block,eval_neutral,20,1.8011749982833862,400
B_block,eval_neutral,21,1.781561255455017,400
B_block,eval_neutral,22,1.7640116214752197,400
B_block,eval_neutral,23,1.7195374965667725,400
B_block,eval_neutral,24,1.700992465019226,400
B_block,eval_neutral,25,1.6664162874221802,400
B_block,eval_neutral,26,1.6095380783081055,400
B_block,eval_neutral,27,1.5942286252975464,400
B_block,eval_neutral,28,1.5676336288452148,400
B_block,eval_neutral,29,1.526273488998413,400
B_block,eval_neutral,30,1.4927572011947632,400
B_block,eval_neutral,31,1.4680185317993164,400
B_block,eval_neutral,32,1.4340232610702515,400
concat,train_harm_full_sequence,1,5.281095504760742,500
concat,train_harm_full_sequence,2,4.6740570068359375,500
concat,train_harm_full_sequence,3,3.8300998210906982,500
concat,train_harm_full_sequence,4,3.6149957180023193,500
concat,train_harm_full_sequence,5,3.172062873840332,500
concat,train_harm_full_sequence,6,3.0358524322509766,500
concat,train_harm_full_sequence,7,2.8239858150482178,500
concat,train_harm_full_sequence,8,2.734785795211792,500
concat,train_harm_full_sequence,9,2.6788878440856934,500
concat,train_harm_full_sequence,10,2.4879822731018066,500
concat,train_harm_full_sequence,11,2.2427470684051514,500
concat,train_harm_full_sequence,12,2.2001044750213623,500
concat,train_harm_full_sequence,13,2.0729734897613525,500
concat,train_harm_full_sequence,14,1.9763919115066528,500
concat,train_harm_full_sequence,15,1.8805800676345825,500
concat,train_harm_full_sequence,16,1.8303790092468262,500
concat,train_harm_full_sequence,17,1.7667256593704224,500
concat,train_harm_full_sequence,18,1.75619637966156,500
concat,train_harm_full_sequence,19,1.716495394706726,500
concat,train_harm_full_sequence,20,1.6893362998962402,500
concat,train_harm_full_sequence,21,1.6801707744598389,500
concat,train_harm_full_sequence,22,1.6226757764816284,500
concat,train_harm_full_sequence,23,1.5666306018829346,500
concat,train_harm_full_sequence,24,1.536024808883667,500
concat,train_harm_full_sequence,25,1.498767375946045,500
concat,train_harm_full_sequence,26,1.4393240213394165,500
concat,train_harm_full_sequence,27,1.419426679611206,500
concat,train_harm_full_sequence,28,1.3954042196273804,500
concat,train_harm_full_sequence,29,1.3585375547409058,500
concat,train_harm_full_sequence,30,1.3241245746612549,500
concat,train_harm_full_sequence,31,1.3167197704315186,500
concat,train_harm_full_sequence,32,1.2912344932556152,500
A_block,train_harm_full_sequence,1,12.15648078918457,500
A_block,train_harm_full_sequence,2,6.638838291168213,500
A_block,train_harm_full_sequence,3,4.434603691101074,500
A_block,train_harm_full_sequence,4,3.3465068340301514,500
A_block,train_harm_full_sequence,5,2.7365968227386475,500
A_block,train_harm_full_sequence,6,2.4431846141815186,500
A_block,train_harm_full_sequence,7,1.4709919691085815,500
A_block,train_harm_full_sequence,8,1.4182651042938232,500
A_block,train_harm_full_sequence,9,1.0607620477676392,500
A_block,train_harm_full_sequence,10,0.9517960548400879,500
A_block,train_harm_full_sequence,11,0.9251992702484131,500
A_block,train_harm_full_sequence,12,0.7269125580787659,500
A_block,train_harm_full_sequence,13,0.7117326855659485,500
A_block,train_harm_full_sequence,14,0.6781454086303711,500
A_block,train_harm_full_sequence,15,0.6483476161956787,500
A_block,train_harm_full_sequence,16,0.6076499819755554,500
A_block,train_harm_full_sequence,17,0.5621164441108704,500
A_block,train_harm_full_sequence,18,0.5362125039100647,500
A_block,train_harm_full_sequence,19,0.501161515712738,500
A_block,train_harm_full_sequence,20,0.49812936782836914,500
A_block,train_harm_full_sequence,21,0.46633651852607727,500
A_block,train_harm_full_sequence,22,0.442891389131546,500
A_block,train_harm_full_sequence,23,0.42649322748184204,500
A_block,train_harm_full_sequence,24,0.41828277707099915,500
A_block,train_harm_full_sequence,25,0.4140928089618683,500
A_block,train_harm_full_sequence,26,0.4064869284629822,500
A_block,train_harm_full_sequence,27,0.386845201253891,500
A_block,train_harm_full_sequence,28,0.37795016169548035,500
A_block,train_harm_full_sequence,29,0.3712165355682373,500
A_block,train_harm_full_sequence,30,0.3689172863960266,500
A_block,train_harm_full_sequence,31,0.3621392548084259,500
A_block,train_harm_full_sequence,32,0.35172659158706665,500
B_block,train_harm_full_sequence,1,5.280682563781738,500
B_block,train_harm_full_sequence,2,4.6664605140686035,500
B_block,train_harm_full_sequence,3,3.8303701877593994,500
B_block,train_harm_full_sequence,4,3.6168017387390137,500
B_block,train_harm_full_sequence,5,3.173454761505127,500
B_block,train_harm_full_sequence,6,3.0368661880493164,500
B_block,train_harm_full_sequence,7,2.823101043701172,500
B_block,train_harm_full_sequence,8,2.735475778579712,500
B_block,train_harm_full_sequence,9,2.6802761554718018,500
B_block,train_harm_full_sequence,10,2.4867005348205566,500
B_block,train_harm_full_sequence,11,2.241804599761963,500
B_block,train_harm_full_sequence,12,2.201249599456787,500
B_block,train_harm_full_sequence,13,2.073685884475708,500
B_block,train_harm_full_sequence,14,1.977152943611145,500
B_block,train_harm_full_sequence,15,1.8747259378433228,500
B_block,train_harm_full_sequence,16,1.8305997848510742,500
B_block,train_harm_full_sequence,17,1.7677043676376343,500
B_block,train_harm_full_sequence,18,1.7571604251861572,500
B_block,train_harm_full_sequence,19,1.717506766319275,500
B_block,train_harm_full_sequence,20,1.6903067827224731,500
B_block,train_harm_full_sequence,21,1.6809537410736084,500
B_block,train_harm_full_sequence,22,1.623111605644226,500
B_block,train_harm_full_sequence,23,1.5676058530807495,500
B_block,train_harm_full_sequence,24,1.5366507768630981,500
B_block,train_harm_full_sequence,25,1.4991661310195923,500
B_block,train_harm_full_sequence,26,1.439923644065857,500
B_block,train_harm_full_sequence,27,1.4195261001586914,500
B_block,train_harm_full_sequence,28,1.396186113357544,500
B_block,train_harm_full_sequence,29,1.3591034412384033,500
B_block,train_harm_full_sequence,30,1.3238800764083862,500
B_block,train_harm_full_sequence,31,1.3169506788253784,500
B_block,train_harm_full_sequence,32,1.2916508913040161,500
concat,train_safe_full_sequence,1,6.092010498046875,500
concat,train_safe_full_sequence,2,4.238781929016113,500
concat,train_safe_full_sequence,3,3.674461841583252,500
concat,train_safe_full_sequence,4,3.296905517578125,500
concat,train_safe_full_sequence,5,3.1357996463775635,500
concat,train_safe_full_sequence,6,2.929619073867798,500
concat,train_safe_full_sequence,7,2.771427869796753,500
concat,train_safe_full_sequence,8,2.4563181400299072,500
concat,train_safe_full_sequence,9,2.4235687255859375,500
concat,train_safe_full_sequence,10,2.3146040439605713,500
concat,train_safe_full_sequence,11,2.2866549491882324,500
concat,train_safe_full_sequence,12,2.1891229152679443,500
concat,train_safe_full_sequence,13,2.1240594387054443,500
concat,train_safe_full_sequence,14,2.02115797996521,500
concat,train_safe_full_sequence,15,1.9906485080718994,500
concat,train_safe_full_sequence,16,1.913788914680481,500
concat,train_safe_full_sequence,17,1.8171262741088867,500
concat,train_safe_full_sequence,18,1.8055166006088257,500
concat,train_safe_full_sequence,19,1.7480132579803467,500
concat,train_safe_full_sequence,20,1.6781717538833618,500
concat,train_safe_full_sequence,21,1.6500837802886963,500
concat,train_safe_full_sequence,22,1.6084257364273071,500
concat,train_safe_full_sequence,23,1.5514323711395264,500
concat,train_safe_full_sequence,24,1.5334806442260742,500
concat,train_safe_full_sequence,25,1.4900749921798706,500
concat,train_safe_full_sequence,26,1.4368934631347656,500
concat,train_safe_full_sequence,27,1.4009841680526733,500
concat,train_safe_full_sequence,28,1.3878611326217651,500
concat,train_safe_full_sequence,29,1.358137607574463,500
concat,train_safe_full_sequence,30,1.3370851278305054,500
concat,train_safe_full_sequence,31,1.310088038444519,500
concat,train_safe_full_sequence,32,1.2767837047576904,500
A_block,train_safe_full_sequence,1,11.406594276428223,500
A_block,train_safe_full_sequence,2,6.86741828918457,500
A_block,train_safe_full_sequence,3,4.74245023727417,500
A_block,train_safe_full_sequence,4,3.5953047275543213,500
A_block,train_safe_full_sequence,5,2.7701210975646973,500
A_block,train_safe_full_sequence,6,2.3865861892700195,500
A_block,train_safe_full_sequence,7,1.6773251295089722,500
A_block,train_safe_full_sequence,8,1.4782094955444336,500
A_block,train_safe_full_sequence,9,1.3148506879806519,500
A_block,train_safe_full_sequence,10,1.1762622594833374,500
A_block,train_safe_full_sequence,11,1.1083791255950928,500
A_block,train_safe_full_sequence,12,0.9157536625862122,500
A_block,train_safe_full_sequence,13,0.8519155979156494,500
A_block,train_safe_full_sequence,14,0.8101747035980225,500
A_block,train_safe_full_sequence,15,0.7375661730766296,500
A_block,train_safe_full_sequence,16,0.7155846953392029,500
A_block,train_safe_full_sequence,17,0.7013723254203796,500
A_block,train_safe_full_sequence,18,0.6797558665275574,500
A_block,train_safe_full_sequence,19,0.6428603529930115,500
A_block,train_safe_full_sequence,20,0.6302411556243896,500
A_block,train_safe_full_sequence,21,0.6153048276901245,500
A_block,train_safe_full_sequence,22,0.5935692191123962,500
A_block,train_safe_full_sequence,23,0.5858334898948669,500
A_block,train_safe_full_sequence,24,0.5740811824798584,500
A_block,train_safe_full_sequence,25,0.5450079441070557,500
A_block,train_safe_full_sequence,26,0.5373193621635437,500
A_block,train_safe_full_sequence,27,0.5195081233978271,500
A_block,train_safe_full_sequence,28,0.509913980960846,500
A_block,train_safe_full_sequence,29,0.4954376518726349,500
A_block,train_safe_full_sequence,30,0.48474401235580444,500
A_block,train_safe_full_sequence,31,0.48130255937576294,500
A_block,train_safe_full_sequence,32,0.47480309009552,500
B_block,train_safe_full_sequence,1,6.0942463874816895,500
B_block,train_safe_full_sequence,2,4.2339558601379395,500
B_block,train_safe_full_sequence,3,3.6696150302886963,500
B_block,train_safe_full_sequence,4,3.2991950511932373,500
B_block,train_safe_full_sequence,5,3.1344854831695557,500
B_block,train_safe_full_sequence,6,2.928070068359375,500
B_block,train_safe_full_sequence,7,2.7678639888763428,500
B_block,train_safe_full_sequence,8,2.456791639328003,500
B_block,train_safe_full_sequence,9,2.424205780029297,500
B_block,train_safe_full_sequence,10,2.3149971961975098,500
B_block,train_safe_full_sequence,11,2.2881436347961426,500
B_block,train_safe_full_sequence,12,2.1894171237945557,500
B_block,train_safe_full_sequence,13,2.123969554901123,500
B_block,train_safe_full_sequence,14,2.0215892791748047,500
B_block,train_safe_full_sequence,15,1.991782784461975,500
B_block,train_safe_full_sequence,16,1.9114960432052612,500
B_block,train_safe_full_sequence,17,1.8182165622711182,500
B_block,train_safe_full_sequence,18,1.805022120475769,500
B_block,train_safe_full_sequence,19,1.7490060329437256,500
B_block,train_safe_full_sequence,20,1.6784353256225586,500
B_block,train_safe_full_sequence,21,1.651017665863037,500
B_block,train_safe_full_sequence,22,1.6093684434890747,500
B_block,train_safe_full_sequence,23,1.5516796112060547,500
B_block,train_safe_full_sequence,24,1.5340261459350586,500
B_block,train_safe_full_sequence,25,1.4890772104263306,500
B_block,train_safe_full_sequence,26,1.4354547262191772,500
B_block,train_safe_full_sequence,27,1.4021657705307007,500
B_block,train_safe_full_sequence,28,1.3886420726776123,500
B_block,train_safe_full_sequence,29,1.3580008745193481,500
B_block,train_safe_full_sequence,30,1.3381868600845337,500
B_block,train_safe_full_sequence,31,1.3101658821105957,500
B_block,train_safe_full_sequence,32,1.2773754596710205,500
concat,eval_pivot,1,6.629546165466309,500
concat,eval_pivot,2,5.665005207061768,500
concat,eval_pivot,3,4.59124231338501,500
concat,eval_pivot,4,4.34373664855957,500
concat,eval_pivot,5,4.255310535430908,500
concat,eval_pivot,6,3.894010543823242,500
concat,eval_pivot,7,3.5299675464630127,500
concat,eval_pivot,8,3.0719335079193115,500
concat,eval_pivot,9,2.983581304550171,500
concat,eval_pivot,10,2.8035712242126465,500
concat,eval_pivot,11,2.658280849456787,500
concat,eval_pivot,12,2.5096843242645264,500
concat,eval_pivot,13,2.45684814453125,500
concat,eval_pivot,14,2.3065149784088135,500
concat,eval_pivot,15,2.232588529586792,500
concat,eval_pivot,16,2.1610567569732666,500
concat,eval_pivot,17,2.045522451400757,500
concat,eval_pivot,18,1.993868350982666,500
concat,eval_pivot,19,1.934316635131836,500
concat,eval_pivot,20,1.892716407775879,500
concat,eval_pivot,21,1.8155622482299805,500
concat,eval_pivot,22,1.7858481407165527,500
concat,eval_pivot,23,1.745470404624939,500
concat,eval_pivot,24,1.6650300025939941,500
concat,eval_pivot,25,1.6409940719604492,500
concat,eval_pivot,26,1.637457251548767,500
concat,eval_pivot,27,1.5935150384902954,500
concat,eval_pivot,28,1.577359914779663,500
concat,eval_pivot,29,1.5434376001358032,500
concat,eval_pivot,30,1.530511498451233,500
concat,eval_pivot,31,1.5067328214645386,500
concat,eval_pivot,32,1.4669123888015747,500
A_block,eval_pivot,1,13.1011323928833,500
A_block,eval_pivot,2,8.024388313293457,500
A_block,eval_pivot,3,5.18192720413208,500
A_block,eval_pivot,4,4.957041263580322,500
A_block,eval_pivot,5,4.47010612487793,500
A_block,eval_pivot,6,2.4905128479003906,500
A_block,eval_pivot,7,2.2813756465911865,500
A_block,eval_pivot,8,2.0480103492736816,500
A_block,eval_pivot,9,1.8042620420455933,500
A_block,eval_pivot,10,1.661498785018921,500
A_block,eval_pivot,11,1.4889039993286133,500
A_block,eval_pivot,12,1.4626084566116333,500
A_block,eval_pivot,13,1.4296739101409912,500
A_block,eval_pivot,14,1.2812567949295044,500
A_block,eval_pivot,15,1.248997449874878,500
A_block,eval_pivot,16,1.2043598890304565,500
A_block,eval_pivot,17,1.1051563024520874,500
A_block,eval_pivot,18,1.0754443407058716,500
A_block,eval_pivot,19,1.0472742319107056,500
A_block,eval_pivot,20,1.017930030822754,500
A_block,eval_pivot,21,0.9905575513839722,500
A_block,eval_pivot,22,0.9688017964363098,500
A_block,eval_pivot,23,0.9544413685798645,500
A_block,eval_pivot,24,0.9168933033943176,500
A_block,eval_pivot,25,0.8910643458366394,500
A_block,eval_pivot,26,0.8848559856414795,500
A_block,eval_pivot,27,0.8706342577934265,500
A_block,eval_pivot,28,0.86114102602005,500
A_block,eval_pivot,29,0.8208832740783691,500
A_block,eval_pivot,30,0.8175113797187805,500
A_block,eval_pivot,31,0.7990535497665405,500
A_block,eval_pivot,32,0.7806796431541443,500
B_block,eval_pivot,1,6.631877899169922,500
B_block,eval_pivot,2,5.663872241973877,500
B_block,eval_pivot,3,4.588105201721191,500
B_block,eval_pivot,4,4.343238353729248,500
B_block,eval_pivot,5,4.249075889587402,500
B_block,eval_pivot,6,3.8942902088165283,500
B_block,eval_pivot,7,3.529845714569092,500
B_block,eval_pivot,8,3.071475028991699,500
B_block,eval_pivot,9,2.9824023246765137,500
B_block,eval_pivot,10,2.804786205291748,500
B_block,eval_pivot,11,2.659534215927124,500
B_block,eval_pivot,12,2.511150360107422,500
B_block,eval_pivot,13,2.45634388923645,500
B_block,eval_pivot,14,2.307568073272705,500
B_block,eval_pivot,15,2.2333004474639893,500
B_block,eval_pivot,16,2.162062644958496,500
B_block,eval_pivot,17,2.0464959144592285,500
B_block,eval_pivot,18,1.9938976764678955,500
B_block,eval_pivot,19,1.9353007078170776,500
B_block,eval_pivot,20,1.8934704065322876,500
B_block,eval_pivot,21,1.816051721572876,500
B_block,eval_pivot,22,1.7864183187484741,500
B_block,eval_pivot,23,1.7452654838562012,500
B_block,eval_pivot,24,1.665216326713562,500
B_block,eval_pivot,25,1.6415772438049316,500
B_block,eval_pivot,26,1.6382265090942383,500
B_block,eval_pivot,27,1.593907356262207,500
B_block,eval_pivot,28,1.5781011581420898,500
B_block,eval_pivot,29,1.5435123443603516,500
B_block,eval_pivot,30,1.5308079719543457,500
B_block,eval_pivot,31,1.5068495273590088,500
B_block,eval_pivot,32,1.4667613506317139,500
concat,eval_neutral,1,8.154563903808594,500
concat,eval_neutral,2,4.710953712463379,500
concat,eval_neutral,3,3.9773190021514893,500
concat,eval_neutral,4,3.7328686714172363,500
concat,eval_neutral,5,3.528536796569824,500
concat,eval_neutral,6,3.1227550506591797,500
concat,eval_neutral,7,2.980384111404419,500
concat,eval_neutral,8,2.8572161197662354,500
concat,eval_neutral,9,2.7191734313964844,500
concat,eval_neutral,10,2.664482831954956,500
concat,eval_neutral,11,2.550589084625244,500
concat,eval_neutral,12,2.523024559020996,500
concat,eval_neutral,13,2.301117420196533,500
concat,eval_neutral,14,2.2523300647735596,500
concat,eval_neutral,15,2.2088770866394043,500
concat,eval_neutral,16,2.136047124862671,500
concat,eval_neutral,17,2.0047707557678223,500
concat,eval_neutral,18,1.995877742767334,500
concat,eval_neutral,19,1.9598029851913452,500
concat,eval_neutral,20,1.910731315612793,500
concat,eval_neutral,21,1.8495854139328003,500
concat,eval_neutral,22,1.8325393199920654,500
concat,eval_neutral,23,1.7511911392211914,500
concat,eval_neutral,24,1.7168866395950317,500
concat,eval_neutral,25,1.6870211362838745,500
concat,eval_neutral,26,1.6409603357315063,500
concat,eval_neutral,27,1.6194840669631958,500
concat,eval_neutral,28,1.6013507843017578,500
concat,eval_neutral,29,1.567216157913208,500
concat,eval_neutral,30,1.5613250732421875,500
concat,eval_neutral,31,1.504703402519226,500
concat,eval_neutral,32,1.4916774034500122,500
A_block,eval_neutral,1,11.838152885437012,500
A_block,eval_neutral,2,7.647797584533691,500
A_block,eval_neutral,3,5.637679100036621,500
A_block,eval_neutral,4,4.715908527374268,500
A_block,eval_neutral,5,4.267778396606445,500
A_block,eval_neutral,6,2.9560129642486572,500
A_block,eval_neutral,7,2.3867034912109375,500
A_block,eval_neutral,8,2.033430337905884,500
A_block,eval_neutral,9,1.877172589302063,500
A_block,eval_neutral,10,1.6996251344680786,500
A_block,eval_neutral,11,1.6092479228973389,500
A_block,eval_neutral,12,1.544999599456787,500
A_block,eval_neutral,13,1.457041621208191,500
A_block,eval_neutral,14,1.4553056955337524,500
A_block,eval_neutral,15,1.3856605291366577,500
A_block,eval_neutral,16,1.3142390251159668,500
A_block,eval_neutral,17,1.2680463790893555,500
A_block,eval_neutral,18,1.2402912378311157,500
A_block,eval_neutral,19,1.1514016389846802,500
A_block,eval_neutral,20,1.1017946004867554,500
A_block,eval_neutral,21,1.0961699485778809,500
A_block,eval_neutral,22,1.0688259601593018,500
A_block,eval_neutral,23,1.0446457862854004,500
A_block,eval_neutral,24,1.0393273830413818,500
A_block,eval_neutral,25,0.9911287426948547,500
A_block,eval_neutral,26,0.9750189781188965,500
A_block,eval_neutral,27,0.9634380340576172,500
A_block,eval_neutral,28,0.9625683426856995,500
A_block,eval_neutral,29,0.9327325224876404,500
A_block,eval_neutral,30,0.9175306558609009,500
A_block,eval_neutral,31,0.902574360370636,500
A_block,eval_neutral,32,0.8826459050178528,500
B_block,eval_neutral,1,8.154096603393555,500
B_block,eval_neutral,2,4.712586879730225,500
B_block,eval_neutral,3,3.976214647293091,500
B_block,eval_neutral,4,3.7326927185058594,500
B_block,eval_neutral,5,3.529456615447998,500
B_block,eval_neutral,6,3.122948169708252,500
B_block,eval_neutral,7,2.980881452560425,500
B_block,eval_neutral,8,2.8581299781799316,500
B_block,eval_neutral,9,2.7202086448669434,500
B_block,eval_neutral,10,2.6617202758789062,500
B_block,eval_neutral,11,2.5512399673461914,500
B_block,eval_neutral,12,2.5238308906555176,500
B_block,eval_neutral,13,2.3018319606781006,500
B_block,eval_neutral,14,2.252535104751587,500
B_block,eval_neutral,15,2.2095773220062256,500
B_block,eval_neutral,16,2.1363027095794678,500
B_block,eval_neutral,17,2.0053067207336426,500
B_block,eval_neutral,18,1.9941105842590332,500
B_block,eval_neutral,19,1.9601022005081177,500
B_block,eval_neutral,20,1.9109898805618286,500
B_block,eval_neutral,21,1.8500523567199707,500
B_block,eval_neutral,22,1.8330844640731812,500
B_block,eval_neutral,23,1.7511619329452515,500
B_block,eval_neutral,24,1.7169641256332397,500
B_block,eval_neutral,25,1.686464548110962,500
B_block,eval_neutral,26,1.6412547826766968,500
B_block,eval_neutral,27,1.6196471452713013,500
B_block,eval_neutral,28,1.601815938949585,500
B_block,eval_neutral,29,1.5675396919250488,500
B_block,eval_neutral,30,1.5612558126449585,500
B_block,eval_neutral,31,1.5052311420440674,500
B_block,eval_neutral,32,1.4918824434280396,500
concat,train_harm_full_sequence,1,5.431727409362793,600
concat,train_harm_full_sequence,2,4.6270623207092285,600
concat,train_harm_full_sequence,3,3.76922345161438,600
concat,train_harm_full_sequence,4,3.4698100090026855,600
concat,train_harm_full_sequence,5,3.135268211364746,600
concat,train_harm_full_sequence,6,3.090186595916748,600
concat,train_harm_full_sequence,7,2.9852020740509033,600
concat,train_harm_full_sequence,8,2.7594797611236572,600
concat,train_harm_full_sequence,9,2.5418388843536377,600
concat,train_harm_full_sequence,10,2.3696460723876953,600
concat,train_harm_full_sequence,11,2.2936079502105713,600
concat,train_harm_full_sequence,12,2.1712286472320557,600
concat,train_harm_full_sequence,13,2.0483195781707764,600
concat,train_harm_full_sequence,14,1.9993622303009033,600
concat,train_harm_full_sequence,15,1.9099704027175903,600
concat,train_harm_full_sequence,16,1.8853135108947754,600
concat,train_harm_full_sequence,17,1.8218480348587036,600
concat,train_harm_full_sequence,18,1.7851238250732422,600
concat,train_harm_full_sequence,19,1.7408310174942017,600
concat,train_harm_full_sequence,20,1.6995247602462769,600
concat,train_harm_full_sequence,21,1.6781353950500488,600
concat,train_harm_full_sequence,22,1.599616527557373,600
concat,train_harm_full_sequence,23,1.5626771450042725,600
concat,train_harm_full_sequence,24,1.5395594835281372,600
concat,train_harm_full_sequence,25,1.4863117933273315,600
concat,train_harm_full_sequence,26,1.4397003650665283,600
concat,train_harm_full_sequence,27,1.4212357997894287,600
concat,train_harm_full_sequence,28,1.3946328163146973,600
concat,train_harm_full_sequence,29,1.3556766510009766,600
concat,train_harm_full_sequence,30,1.3312493562698364,600
concat,train_harm_full_sequence,31,1.3122799396514893,600
concat,train_harm_full_sequence,32,1.2902685403823853,600
A_block,train_harm_full_sequence,1,11.522156715393066,600
A_block,train_harm_full_sequence,2,7.3946213722229,600
A_block,train_harm_full_sequence,3,4.447939395904541,600
A_block,train_harm_full_sequence,4,3.5645556449890137,600
A_block,train_harm_full_sequence,5,2.8591110706329346,600
A_block,train_harm_full_sequence,6,2.632049560546875,600
A_block,train_harm_full_sequence,7,1.5696941614151,600
A_block,train_harm_full_sequence,8,1.4496318101882935,600
A_block,train_harm_full_sequence,9,1.1902989149093628,600
A_block,train_harm_full_sequence,10,1.009631633758545,600
A_block,train_harm_full_sequence,11,0.9016414284706116,600
A_block,train_harm_full_sequence,12,0.7852386832237244,600
A_block,train_harm_full_sequence,13,0.7358846664428711,600
A_block,train_harm_full_sequence,14,0.7057486176490784,600
A_block,train_harm_full_sequence,15,0.6487076878547668,600
A_block,train_harm_full_sequence,16,0.5936750769615173,600
A_block,train_harm_full_sequence,17,0.5559992790222168,600
A_block,train_harm_full_sequence,18,0.5412118434906006,600
A_block,train_harm_full_sequence,19,0.5232863426208496,600
A_block,train_harm_full_sequence,20,0.49306008219718933,600
A_block,train_harm_full_sequence,21,0.46721211075782776,600
A_block,train_harm_full_sequence,22,0.4471207559108734,600
A_block,train_harm_full_sequence,23,0.4362963140010834,600
A_block,train_harm_full_sequence,24,0.4178013205528259,600
A_block,train_harm_full_sequence,25,0.41666853427886963,600
A_block,train_harm_full_sequence,26,0.40620705485343933,600
A_block,train_harm_full_sequence,27,0.39818114042282104,600
A_block,train_harm_full_sequence,28,0.387244313955307,600
A_block,train_harm_full_sequence,29,0.3845213055610657,600
A_block,train_harm_full_sequence,30,0.37508636713027954,600
A_block,train_harm_full_sequence,31,0.3603188693523407,600
A_block,train_harm_full_sequence,32,0.35850512981414795,600
B_block,train_harm_full_sequence,1,5.433121204376221,600
B_block,train_harm_full_sequence,2,4.620934009552002,600
B_block,train_harm_full_sequence,3,3.77055287361145,600
B_block,train_harm_full_sequence,4,3.4707863330841064,600
B_block,train_harm_full_sequence,5,3.136075973510742,600
B_block,train_harm_full_sequence,6,3.0912959575653076,600
B_block,train_harm_full_sequence,7,2.985842704772949,600
B_block,train_harm_full_sequence,8,2.7602877616882324,600
B_block,train_harm_full_sequence,9,2.541816473007202,600
B_block,train_harm_full_sequence,10,2.3701417446136475,600
B_block,train_harm_full_sequence,11,2.2916715145111084,600
B_block,train_harm_full_sequence,12,2.170205593109131,600
B_block,train_harm_full_sequence,13,2.048994541168213,600
B_block,train_harm_full_sequence,14,2.0000123977661133,600
B_block,train_harm_full_sequence,15,1.907874345779419,600
B_block,train_harm_full_sequence,16,1.8842642307281494,600
B_block,train_harm_full_sequence,17,1.822381854057312,600
B_block,train_harm_full_sequence,18,1.7851283550262451,600
B_block,train_harm_full_sequence,19,1.7414129972457886,600
B_block,train_harm_full_sequence,20,1.7001084089279175,600
B_block,train_harm_full_sequence,21,1.677724838256836,600
B_block,train_harm_full_sequence,22,1.5999300479888916,600
B_block,train_harm_full_sequence,23,1.5630061626434326,600
B_block,train_harm_full_sequence,24,1.5401514768600464,600
B_block,train_harm_full_sequence,25,1.4865175485610962,600
B_block,train_harm_full_sequence,26,1.4386475086212158,600
B_block,train_harm_full_sequence,27,1.4216837882995605,600
B_block,train_harm_full_sequence,28,1.3949761390686035,600
B_block,train_harm_full_sequence,29,1.3551316261291504,600
B_block,train_harm_full_sequence,30,1.3311011791229248,600
B_block,train_harm_full_sequence,31,1.3124815225601196,600
B_block,train_harm_full_sequence,32,1.2906386852264404,600
concat,train_safe_full_sequence,1,5.459390163421631,600
concat,train_safe_full_sequence,2,4.019077777862549,600
concat,train_safe_full_sequence,3,3.730588436126709,600
concat,train_safe_full_sequence,4,3.3083460330963135,600
concat,train_safe_full_sequence,5,3.230571746826172,600
concat,train_safe_full_sequence,6,2.8713622093200684,600
concat,train_safe_full_sequence,7,2.676586627960205,600
concat,train_safe_full_sequence,8,2.561840057373047,600
concat,train_safe_full_sequence,9,2.5096373558044434,600
concat,train_safe_full_sequence,10,2.430145740509033,600
concat,train_safe_full_sequence,11,2.391085147857666,600
concat,train_safe_full_sequence,12,2.2654573917388916,600
concat,train_safe_full_sequence,13,2.161586046218872,600
concat,train_safe_full_sequence,14,2.140897274017334,600
concat,train_safe_full_sequence,15,2.041613817214966,600
concat,train_safe_full_sequence,16,1.9534845352172852,600
concat,train_safe_full_sequence,17,1.9233665466308594,600
concat,train_safe_full_sequence,18,1.8151121139526367,600
concat,train_safe_full_sequence,19,1.7722245454788208,600
concat,train_safe_full_sequence,20,1.703250527381897,600
concat,train_safe_full_sequence,21,1.6539103984832764,600
concat,train_safe_full_sequence,22,1.6018157005310059,600
concat,train_safe_full_sequence,23,1.570596694946289,600
concat,train_safe_full_sequence,24,1.5574822425842285,600
concat,train_safe_full_sequence,25,1.5075712203979492,600
concat,train_safe_full_sequence,26,1.4985641241073608,600
concat,train_safe_full_sequence,27,1.4740879535675049,600
concat,train_safe_full_sequence,28,1.4510804414749146,600
concat,train_safe_full_sequence,29,1.397939920425415,600
concat,train_safe_full_sequence,30,1.344436526298523,600
concat,train_safe_full_sequence,31,1.3361862897872925,600
concat,train_safe_full_sequence,32,1.3083529472351074,600
A_block,train_safe_full_sequence,1,10.977948188781738,600
A_block,train_safe_full_sequence,2,7.149073123931885,600
A_block,train_safe_full_sequence,3,4.842852592468262,600
A_block,train_safe_full_sequence,4,3.391397476196289,600
A_block,train_safe_full_sequence,5,3.1239612102508545,600
A_block,train_safe_full_sequence,6,2.536165714263916,600
A_block,train_safe_full_sequence,7,1.798236608505249,600
A_block,train_safe_full_sequence,8,1.6669516563415527,600
A_block,train_safe_full_sequence,9,1.433806300163269,600
A_block,train_safe_full_sequence,10,1.18210768699646,600
A_block,train_safe_full_sequence,11,1.088088035583496,600
A_block,train_safe_full_sequence,12,0.9503479599952698,600
A_block,train_safe_full_sequence,13,0.8924480080604553,600
A_block,train_safe_full_sequence,14,0.813427209854126,600
A_block,train_safe_full_sequence,15,0.7933355569839478,600
A_block,train_safe_full_sequence,16,0.7640029788017273,600
A_block,train_safe_full_sequence,17,0.7436210513114929,600
A_block,train_safe_full_sequence,18,0.7028874158859253,600
A_block,train_safe_full_sequence,19,0.6818615198135376,600
A_block,train_safe_full_sequence,20,0.6495957374572754,600
A_block,train_safe_full_sequence,21,0.6311066150665283,600
A_block,train_safe_full_sequence,22,0.6133451461791992,600
A_block,train_safe_full_sequence,23,0.6009664535522461,600
A_block,train_safe_full_sequence,24,0.5878933072090149,600
A_block,train_safe_full_sequence,25,0.5788472294807434,600
A_block,train_safe_full_sequence,26,0.5596467852592468,600
A_block,train_safe_full_sequence,27,0.5520310401916504,600
A_block,train_safe_full_sequence,28,0.5432208776473999,600
A_block,train_safe_full_sequence,29,0.5233846306800842,600
A_block,train_safe_full_sequence,30,0.5133862495422363,600
A_block,train_safe_full_sequence,31,0.5086362957954407,600
A_block,train_safe_full_sequence,32,0.49342042207717896,600
B_block,train_safe_full_sequence,1,5.461131572723389,600
B_block,train_safe_full_sequence,2,4.015517234802246,600
B_block,train_safe_full_sequence,3,3.728393316268921,600
B_block,train_safe_full_sequence,4,3.308302879333496,600
B_block,train_safe_full_sequence,5,3.2310736179351807,600
B_block,train_safe_full_sequence,6,2.871829032897949,600
B_block,train_safe_full_sequence,7,2.673170566558838,600
B_block,train_safe_full_sequence,8,2.562617540359497,600
B_block,train_safe_full_sequence,9,2.5108227729797363,600
B_block,train_safe_full_sequence,10,2.4304466247558594,600
B_block,train_safe_full_sequence,11,2.3899073600769043,600
B_block,train_safe_full_sequence,12,2.260234832763672,600
B_block,train_safe_full_sequence,13,2.1623759269714355,600
B_block,train_safe_full_sequence,14,2.1420366764068604,600
B_block,train_safe_full_sequence,15,2.0425314903259277,600
B_block,train_safe_full_sequence,16,1.9534438848495483,600
B_block,train_safe_full_sequence,17,1.9240971803665161,600
B_block,train_safe_full_sequence,18,1.8156508207321167,600
B_block,train_safe_full_sequence,19,1.7723119258880615,600
B_block,train_safe_full_sequence,20,1.7039180994033813,600
B_block,train_safe_full_sequence,21,1.6545007228851318,600
B_block,train_safe_full_sequence,22,1.602756142616272,600
B_block,train_safe_full_sequence,23,1.5706888437271118,600
B_block,train_safe_full_sequence,24,1.557591199874878,600
B_block,train_safe_full_sequence,25,1.508215308189392,600
B_block,train_safe_full_sequence,26,1.498680830001831,600
B_block,train_safe_full_sequence,27,1.4743870496749878,600
B_block,train_safe_full_sequence,28,1.4516655206680298,600
B_block,train_safe_full_sequence,29,1.3982664346694946,600
B_block,train_safe_full_sequence,30,1.3444538116455078,600
B_block,train_safe_full_sequence,31,1.336152195930481,600
B_block,train_safe_full_sequence,32,1.3079479932785034,600
concat,eval_pivot,1,6.59386682510376,600
concat,eval_pivot,2,5.434544563293457,600
concat,eval_pivot,3,4.585600852966309,600
concat,eval_pivot,4,4.5123610496521,600
concat,eval_pivot,5,4.343599319458008,600
concat,eval_pivot,6,3.858497381210327,600
concat,eval_pivot,7,3.4509599208831787,600
concat,eval_pivot,8,3.0114643573760986,600
concat,eval_pivot,9,2.812847375869751,600
concat,eval_pivot,10,2.7255988121032715,600
concat,eval_pivot,11,2.651841163635254,600
concat,eval_pivot,12,2.6076433658599854,600
concat,eval_pivot,13,2.4605164527893066,600
concat,eval_pivot,14,2.415886163711548,600
concat,eval_pivot,15,2.293818235397339,600
concat,eval_pivot,16,2.1557185649871826,600
concat,eval_pivot,17,2.1050283908843994,600
concat,eval_pivot,18,2.0469553470611572,600
concat,eval_pivot,19,1.9751949310302734,600
concat,eval_pivot,20,1.9331481456756592,600
concat,eval_pivot,21,1.8536322116851807,600
concat,eval_pivot,22,1.8033559322357178,600
concat,eval_pivot,23,1.74466872215271,600
concat,eval_pivot,24,1.7235968112945557,600
concat,eval_pivot,25,1.6678097248077393,600
concat,eval_pivot,26,1.6309304237365723,600
concat,eval_pivot,27,1.6042991876602173,600
concat,eval_pivot,28,1.5831202268600464,600
concat,eval_pivot,29,1.5741093158721924,600
concat,eval_pivot,30,1.5563477277755737,600
concat,eval_pivot,31,1.5214029550552368,600
concat,eval_pivot,32,1.4968929290771484,600
A_block,eval_pivot,1,13.006979942321777,600
A_block,eval_pivot,2,8.141006469726562,600
A_block,eval_pivot,3,5.485978603363037,600
A_block,eval_pivot,4,4.819988250732422,600
A_block,eval_pivot,5,4.571847438812256,600
A_block,eval_pivot,6,2.321380376815796,600
A_block,eval_pivot,7,2.1959421634674072,600
A_block,eval_pivot,8,1.9892239570617676,600
A_block,eval_pivot,9,1.7551727294921875,600
A_block,eval_pivot,10,1.6311579942703247,600
A_block,eval_pivot,11,1.5204331874847412,600
A_block,eval_pivot,12,1.4146898984909058,600
A_block,eval_pivot,13,1.3885518312454224,600
A_block,eval_pivot,14,1.289458155632019,600
A_block,eval_pivot,15,1.211938738822937,600
A_block,eval_pivot,16,1.1945375204086304,600
A_block,eval_pivot,17,1.109863042831421,600
A_block,eval_pivot,18,1.0804234743118286,600
A_block,eval_pivot,19,1.0570619106292725,600
A_block,eval_pivot,20,1.011865496635437,600
A_block,eval_pivot,21,0.9859136939048767,600
A_block,eval_pivot,22,0.9575471878051758,600
A_block,eval_pivot,23,0.9446620941162109,600
A_block,eval_pivot,24,0.9422767162322998,600
A_block,eval_pivot,25,0.8912262320518494,600
A_block,eval_pivot,26,0.8811935186386108,600
A_block,eval_pivot,27,0.8584288954734802,600
A_block,eval_pivot,28,0.8442254662513733,600
A_block,eval_pivot,29,0.8317081928253174,600
A_block,eval_pivot,30,0.8126885890960693,600
A_block,eval_pivot,31,0.8011218309402466,600
A_block,eval_pivot,32,0.7891026735305786,600
B_block,eval_pivot,1,6.594198703765869,600
B_block,eval_pivot,2,5.433374404907227,600
B_block,eval_pivot,3,4.58622407913208,600
B_block,eval_pivot,4,4.5133209228515625,600
B_block,eval_pivot,5,4.338446140289307,600
B_block,eval_pivot,6,3.858720064163208,600
B_block,eval_pivot,7,3.4511661529541016,600
B_block,eval_pivot,8,3.010723829269409,600
B_block,eval_pivot,9,2.813856840133667,600
B_block,eval_pivot,10,2.724841833114624,600
B_block,eval_pivot,11,2.652250051498413,600
B_block,eval_pivot,12,2.6085212230682373,600
B_block,eval_pivot,13,2.460308790206909,600
B_block,eval_pivot,14,2.4163708686828613,600
B_block,eval_pivot,15,2.294649839401245,600
B_block,eval_pivot,16,2.1565184593200684,600
B_block,eval_pivot,17,2.1050896644592285,600
B_block,eval_pivot,18,2.047278642654419,600
B_block,eval_pivot,19,1.975843071937561,600
B_block,eval_pivot,20,1.933851718902588,600
B_block,eval_pivot,21,1.8541805744171143,600
B_block,eval_pivot,22,1.8034965991973877,600
B_block,eval_pivot,23,1.7452341318130493,600
B_block,eval_pivot,24,1.7237573862075806,600
B_block,eval_pivot,25,1.6684684753417969,600
B_block,eval_pivot,26,1.631057858467102,600
B_block,eval_pivot,27,1.6047481298446655,600
B_block,eval_pivot,28,1.5836378335952759,600
B_block,eval_pivot,29,1.5739964246749878,600
B_block,eval_pivot,30,1.5567251443862915,600
B_block,eval_pivot,31,1.5214803218841553,600
B_block,eval_pivot,32,1.4969069957733154,600
concat,eval_neutral,1,7.881320953369141,600
concat,eval_neutral,2,4.847909927368164,600
concat,eval_neutral,3,4.174273490905762,600
concat,eval_neutral,4,3.688732862472534,600
concat,eval_neutral,5,3.445394992828369,600
concat,eval_neutral,6,3.0805587768554688,600
concat,eval_neutral,7,2.936612129211426,600
concat,eval_neutral,8,2.8553566932678223,600
concat,eval_neutral,9,2.746381998062134,600
concat,eval_neutral,10,2.6748788356781006,600
concat,eval_neutral,11,2.612248182296753,600
concat,eval_neutral,12,2.5394270420074463,600
concat,eval_neutral,13,2.411381244659424,600
concat,eval_neutral,14,2.3065245151519775,600
concat,eval_neutral,15,2.2113330364227295,600
concat,eval_neutral,16,2.144740581512451,600
concat,eval_neutral,17,2.024538278579712,600
concat,eval_neutral,18,1.9986565113067627,600
concat,eval_neutral,19,1.9560679197311401,600
concat,eval_neutral,20,1.922139286994934,600
concat,eval_neutral,21,1.8679648637771606,600
concat,eval_neutral,22,1.8526947498321533,600
concat,eval_neutral,23,1.7399520874023438,600
concat,eval_neutral,24,1.734450340270996,600
concat,eval_neutral,25,1.7149103879928589,600
concat,eval_neutral,26,1.6762088537216187,600
concat,eval_neutral,27,1.6374670267105103,600
concat,eval_neutral,28,1.6222916841506958,600
concat,eval_neutral,29,1.603448748588562,600
concat,eval_neutral,30,1.57784104347229,600
concat,eval_neutral,31,1.5325433015823364,600
concat,eval_neutral,32,1.5023844242095947,600
A_block,eval_neutral,1,11.754786491394043,600
A_block,eval_neutral,2,7.954236030578613,600
A_block,eval_neutral,3,5.826627731323242,600
A_block,eval_neutral,4,4.7892680168151855,600
A_block,eval_neutral,5,4.196041584014893,600
A_block,eval_neutral,6,2.8319592475891113,600
A_block,eval_neutral,7,2.3066089153289795,600
A_block,eval_neutral,8,2.1062326431274414,600
A_block,eval_neutral,9,1.7888402938842773,600
A_block,eval_neutral,10,1.6651368141174316,600
A_block,eval_neutral,11,1.568634033203125,600
A_block,eval_neutral,12,1.4983505010604858,600
A_block,eval_neutral,13,1.4302653074264526,600
A_block,eval_neutral,14,1.38852059841156,600
A_block,eval_neutral,15,1.3281538486480713,600
A_block,eval_neutral,16,1.2488352060317993,600
A_block,eval_neutral,17,1.2051069736480713,600
A_block,eval_neutral,18,1.1708154678344727,600
A_block,eval_neutral,19,1.1012476682662964,600
A_block,eval_neutral,20,1.0905766487121582,600
A_block,eval_neutral,21,1.076043725013733,600
A_block,eval_neutral,22,1.047308087348938,600
A_block,eval_neutral,23,1.0312764644622803,600
A_block,eval_neutral,24,1.006455898284912,600
A_block,eval_neutral,25,0.9951546788215637,600
A_block,eval_neutral,26,0.9656403660774231,600
A_block,eval_neutral,27,0.9500748515129089,600
A_block,eval_neutral,28,0.9458036422729492,600
A_block,eval_neutral,29,0.9268486499786377,600
A_block,eval_neutral,30,0.8965937495231628,600
A_block,eval_neutral,31,0.8820649981498718,600
A_block,eval_neutral,32,0.8777102828025818,600
B_block,eval_neutral,1,7.881348133087158,600
B_block,eval_neutral,2,4.848586082458496,600
B_block,eval_neutral,3,4.173427104949951,600
B_block,eval_neutral,4,3.688310384750366,600
B_block,eval_neutral,5,3.4460289478302,600
B_block,eval_neutral,6,3.081383466720581,600
B_block,eval_neutral,7,2.9373180866241455,600
B_block,eval_neutral,8,2.8562569618225098,600
B_block,eval_neutral,9,2.744245767593384,600
B_block,eval_neutral,10,2.675800323486328,600
B_block,eval_neutral,11,2.6128296852111816,600
B_block,eval_neutral,12,2.5400288105010986,600
B_block,eval_neutral,13,2.4107887744903564,600
B_block,eval_neutral,14,2.3071539402008057,600
B_block,eval_neutral,15,2.2119791507720947,600
B_block,eval_neutral,16,2.1452698707580566,600
B_block,eval_neutral,17,2.024258613586426,600
B_block,eval_neutral,18,1.9976156949996948,600
B_block,eval_neutral,19,1.9565943479537964,600
B_block,eval_neutral,20,1.9223862886428833,600
B_block,eval_neutral,21,1.868448257446289,600
B_block,eval_neutral,22,1.8532766103744507,600
B_block,eval_neutral,23,1.7401509284973145,600
B_block,eval_neutral,24,1.7335253953933716,600
B_block,eval_neutral,25,1.713845133781433,600
B_block,eval_neutral,26,1.6764518022537231,600
B_block,eval_neutral,27,1.6377354860305786,600
B_block,eval_neutral,28,1.6226463317871094,600
B_block,eval_neutral,29,1.603735089302063,600
B_block,eval_neutral,30,1.5781800746917725,600
B_block,eval_neutral,31,1.532808542251587,600
B_block,eval_neutral,32,1.5017662048339844,600
concat,train_harm_full_sequence,1,6.066436767578125,700
concat,train_harm_full_sequence,2,4.265224933624268,700
concat,train_harm_full_sequence,3,3.7646725177764893,700
concat,train_harm_full_sequence,4,3.358431816101074,700
concat,train_harm_full_sequence,5,3.100653648376465,700
concat,train_harm_full_sequence,6,2.996523857116699,700
concat,train_harm_full_sequence,7,2.931554079055786,700
concat,train_harm_full_sequence,8,2.6860644817352295,700
concat,train_harm_full_sequence,9,2.5046775341033936,700
concat,train_harm_full_sequence,10,2.4144670963287354,700
concat,train_harm_full_sequence,11,2.2213051319122314,700
concat,train_harm_full_sequence,12,2.1115427017211914,700
concat,train_harm_full_sequence,13,2.0604987144470215,700
concat,train_harm_full_sequence,14,1.9801340103149414,700
concat,train_harm_full_sequence,15,1.9438679218292236,700
concat,train_harm_full_sequence,16,1.8785890340805054,700
concat,train_harm_full_sequence,17,1.8195067644119263,700
concat,train_harm_full_sequence,18,1.7471388578414917,700
concat,train_harm_full_sequence,19,1.7172260284423828,700
concat,train_harm_full_sequence,20,1.7030398845672607,700
concat,train_harm_full_sequence,21,1.6354299783706665,700
concat,train_harm_full_sequence,22,1.6150991916656494,700
concat,train_harm_full_sequence,23,1.5846747159957886,700
concat,train_harm_full_sequence,24,1.5197287797927856,700
concat,train_harm_full_sequence,25,1.4816492795944214,700
concat,train_harm_full_sequence,26,1.4442228078842163,700
concat,train_harm_full_sequence,27,1.3980519771575928,700
concat,train_harm_full_sequence,28,1.3736790418624878,700
concat,train_harm_full_sequence,29,1.331462025642395,700
concat,train_harm_full_sequence,30,1.2989037036895752,700
concat,train_harm_full_sequence,31,1.2801707983016968,700
concat,train_harm_full_sequence,32,1.2669665813446045,700
A_block,train_harm_full_sequence,1,10.904031753540039,700
A_block,train_harm_full_sequence,2,7.82135534286499,700
A_block,train_harm_full_sequence,3,4.677913188934326,700
A_block,train_harm_full_sequence,4,3.662147045135498,700
A_block,train_harm_full_sequence,5,3.0509681701660156,700
A_block,train_harm_full_sequence,6,2.839052200317383,700
A_block,train_harm_full_sequence,7,1.6588410139083862,700
A_block,train_harm_full_sequence,8,1.532715916633606,700
A_block,train_harm_full_sequence,9,1.277207612991333,700
A_block,train_harm_full_sequence,10,1.1136220693588257,700
A_block,train_harm_full_sequence,11,0.9645253419876099,700
A_block,train_harm_full_sequence,12,0.8356990814208984,700
A_block,train_harm_full_sequence,13,0.8003758192062378,700
A_block,train_harm_full_sequence,14,0.7301424145698547,700
A_block,train_harm_full_sequence,15,0.6719832420349121,700
A_block,train_harm_full_sequence,16,0.6178059577941895,700
A_block,train_harm_full_sequence,17,0.5785683989524841,700
A_block,train_harm_full_sequence,18,0.5650696754455566,700
A_block,train_harm_full_sequence,19,0.5496215224266052,700
A_block,train_harm_full_sequence,20,0.5077714323997498,700
A_block,train_harm_full_sequence,21,0.48990556597709656,700
A_block,train_harm_full_sequence,22,0.4788528382778168,700
A_block,train_harm_full_sequence,23,0.4603019654750824,700
A_block,train_harm_full_sequence,24,0.44074931740760803,700
A_block,train_harm_full_sequence,25,0.4284263849258423,700
A_block,train_harm_full_sequence,26,0.42306217551231384,700
A_block,train_harm_full_sequence,27,0.4157746732234955,700
A_block,train_harm_full_sequence,28,0.40975770354270935,700
A_block,train_harm_full_sequence,29,0.39679819345474243,700
A_block,train_harm_full_sequence,30,0.389814168214798,700
A_block,train_harm_full_sequence,31,0.38242024183273315,700
A_block,train_harm_full_sequence,32,0.37680935859680176,700
B_block,train_harm_full_sequence,1,6.067796230316162,700
B_block,train_harm_full_sequence,2,4.260786056518555,700
B_block,train_harm_full_sequence,3,3.765855550765991,700
B_block,train_harm_full_sequence,4,3.359135866165161,700
B_block,train_harm_full_sequence,5,3.101313591003418,700
B_block,train_harm_full_sequence,6,2.9975249767303467,700
B_block,train_harm_full_sequence,7,2.930957794189453,700
B_block,train_harm_full_sequence,8,2.6866817474365234,700
B_block,train_harm_full_sequence,9,2.5051469802856445,700
B_block,train_harm_full_sequence,10,2.414764881134033,700
B_block,train_harm_full_sequence,11,2.2213618755340576,700
B_block,train_harm_full_sequence,12,2.1098427772521973,700
B_block,train_harm_full_sequence,13,2.0608179569244385,700
B_block,train_harm_full_sequence,14,1.979377269744873,700
B_block,train_harm_full_sequence,15,1.9431477785110474,700
B_block,train_harm_full_sequence,16,1.8787482976913452,700
B_block,train_harm_full_sequence,17,1.8196735382080078,700
B_block,train_harm_full_sequence,18,1.7471694946289062,700
B_block,train_harm_full_sequence,19,1.7177404165267944,700
B_block,train_harm_full_sequence,20,1.703240156173706,700
B_block,train_harm_full_sequence,21,1.6357824802398682,700
B_block,train_harm_full_sequence,22,1.6151643991470337,700
B_block,train_harm_full_sequence,23,1.5844489336013794,700
B_block,train_harm_full_sequence,24,1.5202707052230835,700
B_block,train_harm_full_sequence,25,1.481627345085144,700
B_block,train_harm_full_sequence,26,1.442556619644165,700
B_block,train_harm_full_sequence,27,1.3985646963119507,700
B_block,train_harm_full_sequence,28,1.3739207983016968,700
B_block,train_harm_full_sequence,29,1.3301960229873657,700
B_block,train_harm_full_sequence,30,1.2983559370040894,700
B_block,train_harm_full_sequence,31,1.2802671194076538,700
B_block,train_harm_full_sequence,32,1.2668806314468384,700
concat,train_safe_full_sequence,1,5.355178356170654,700
concat,train_safe_full_sequence,2,3.8844642639160156,700
concat,train_safe_full_sequence,3,3.607665777206421,700
concat,train_safe_full_sequence,4,3.3438222408294678,700
concat,train_safe_full_sequence,5,3.290469169616699,700
concat,train_safe_full_sequence,6,2.7996726036071777,700
concat,train_safe_full_sequence,7,2.7237231731414795,700
concat,train_safe_full_sequence,8,2.604998826980591,700
concat,train_safe_full_sequence,9,2.4906082153320312,700
concat,train_safe_full_sequence,10,2.3998377323150635,700
concat,train_safe_full_sequence,11,2.3284358978271484,700
concat,train_safe_full_sequence,12,2.276303291320801,700
concat,train_safe_full_sequence,13,2.211085081100464,700
concat,train_safe_full_sequence,14,2.1533875465393066,700
concat,train_safe_full_sequence,15,2.055769205093384,700
concat,train_safe_full_sequence,16,1.9738434553146362,700
concat,train_safe_full_sequence,17,1.8881856203079224,700
concat,train_safe_full_sequence,18,1.8543728590011597,700
concat,train_safe_full_sequence,19,1.7692028284072876,700
concat,train_safe_full_sequence,20,1.7282832860946655,700
concat,train_safe_full_sequence,21,1.6853259801864624,700
concat,train_safe_full_sequence,22,1.657766580581665,700
concat,train_safe_full_sequence,23,1.627014398574829,700
concat,train_safe_full_sequence,24,1.5581814050674438,700
concat,train_safe_full_sequence,25,1.5271210670471191,700
concat,train_safe_full_sequence,26,1.518781304359436,700
concat,train_safe_full_sequence,27,1.5039805173873901,700
concat,train_safe_full_sequence,28,1.450120210647583,700
concat,train_safe_full_sequence,29,1.411210536956787,700
concat,train_safe_full_sequence,30,1.3845540285110474,700
concat,train_safe_full_sequence,31,1.3464195728302002,700
concat,train_safe_full_sequence,32,1.3335429430007935,700
A_block,train_safe_full_sequence,1,11.223811149597168,700
A_block,train_safe_full_sequence,2,6.7192206382751465,700
A_block,train_safe_full_sequence,3,4.826023101806641,700
A_block,train_safe_full_sequence,4,3.37729549407959,700
A_block,train_safe_full_sequence,5,3.163724184036255,700
A_block,train_safe_full_sequence,6,2.6585965156555176,700
A_block,train_safe_full_sequence,7,1.8275070190429688,700
A_block,train_safe_full_sequence,8,1.7559866905212402,700
A_block,train_safe_full_sequence,9,1.3963234424591064,700
A_block,train_safe_full_sequence,10,1.2279516458511353,700
A_block,train_safe_full_sequence,11,1.0945005416870117,700
A_block,train_safe_full_sequence,12,0.9462028741836548,700
A_block,train_safe_full_sequence,13,0.9028778672218323,700
A_block,train_safe_full_sequence,14,0.7956214547157288,700
A_block,train_safe_full_sequence,15,0.7764341235160828,700
A_block,train_safe_full_sequence,16,0.7597750425338745,700
A_block,train_safe_full_sequence,17,0.7300076484680176,700
A_block,train_safe_full_sequence,18,0.7082799673080444,700
A_block,train_safe_full_sequence,19,0.6723480820655823,700
A_block,train_safe_full_sequence,20,0.6388897895812988,700
A_block,train_safe_full_sequence,21,0.6241274476051331,700
A_block,train_safe_full_sequence,22,0.6028133630752563,700
A_block,train_safe_full_sequence,23,0.5970191359519958,700
A_block,train_safe_full_sequence,24,0.5738651752471924,700
A_block,train_safe_full_sequence,25,0.5647169351577759,700
A_block,train_safe_full_sequence,26,0.5533292889595032,700
A_block,train_safe_full_sequence,27,0.5462958216667175,700
A_block,train_safe_full_sequence,28,0.531120240688324,700
A_block,train_safe_full_sequence,29,0.5258175730705261,700
A_block,train_safe_full_sequence,30,0.5166407823562622,700
A_block,train_safe_full_sequence,31,0.5041865110397339,700
A_block,train_safe_full_sequence,32,0.4980056583881378,700
B_block,train_safe_full_sequence,1,5.357266426086426,700
B_block,train_safe_full_sequence,2,3.88458251953125,700
B_block,train_safe_full_sequence,3,3.60087251663208,700
B_block,train_safe_full_sequence,4,3.3446526527404785,700
B_block,train_safe_full_sequence,5,3.2904295921325684,700
B_block,train_safe_full_sequence,6,2.800830841064453,700
B_block,train_safe_full_sequence,7,2.718994379043579,700
B_block,train_safe_full_sequence,8,2.6053693294525146,700
B_block,train_safe_full_sequence,9,2.491910696029663,700
B_block,train_safe_full_sequence,10,2.3993771076202393,700
B_block,train_safe_full_sequence,11,2.3291754722595215,700
B_block,train_safe_full_sequence,12,2.2706916332244873,700
B_block,train_safe_full_sequence,13,2.2120652198791504,700
B_block,train_safe_full_sequence,14,2.152601957321167,700
B_block,train_safe_full_sequence,15,2.0564589500427246,700
B_block,train_safe_full_sequence,16,1.973021149635315,700
B_block,train_safe_full_sequence,17,1.8879278898239136,700
B_block,train_safe_full_sequence,18,1.853931188583374,700
B_block,train_safe_full_sequence,19,1.769945740699768,700
B_block,train_safe_full_sequence,20,1.7285209894180298,700
B_block,train_safe_full_sequence,21,1.6861685514450073,700
B_block,train_safe_full_sequence,22,1.6584528684616089,700
B_block,train_safe_full_sequence,23,1.6273839473724365,700
B_block,train_safe_full_sequence,24,1.5587999820709229,700
B_block,train_safe_full_sequence,25,1.5276747941970825,700
B_block,train_safe_full_sequence,26,1.5192320346832275,700
B_block,train_safe_full_sequence,27,1.5045961141586304,700
B_block,train_safe_full_sequence,28,1.4506915807724,700
B_block,train_safe_full_sequence,29,1.4115285873413086,700
B_block,train_safe_full_sequence,30,1.384904384613037,700
B_block,train_safe_full_sequence,31,1.347251057624817,700
B_block,train_safe_full_sequence,32,1.3343638181686401,700
concat,eval_pivot,1,6.524425029754639,700
concat,eval_pivot,2,5.351189613342285,700
concat,eval_pivot,3,4.580747127532959,700
concat,eval_pivot,4,4.500757217407227,700
concat,eval_pivot,5,4.2864203453063965,700
concat,eval_pivot,6,3.914896249771118,700
concat,eval_pivot,7,3.4022367000579834,700
concat,eval_pivot,8,3.030658006668091,700
concat,eval_pivot,9,2.806777238845825,700
concat,eval_pivot,10,2.734023094177246,700
concat,eval_pivot,11,2.6326608657836914,700
concat,eval_pivot,12,2.6245737075805664,700
concat,eval_pivot,13,2.4743196964263916,700
concat,eval_pivot,14,2.447240114212036,700
concat,eval_pivot,15,2.3133468627929688,700
concat,eval_pivot,16,2.2013745307922363,700
concat,eval_pivot,17,2.1011106967926025,700
concat,eval_pivot,18,2.0616605281829834,700
concat,eval_pivot,19,1.9926379919052124,700
concat,eval_pivot,20,1.9443103075027466,700
concat,eval_pivot,21,1.8705741167068481,700
concat,eval_pivot,22,1.8015828132629395,700
concat,eval_pivot,23,1.779710054397583,700
concat,eval_pivot,24,1.7248520851135254,700
concat,eval_pivot,25,1.6731325387954712,700
concat,eval_pivot,26,1.64924156665802,700
concat,eval_pivot,27,1.616456151008606,700
concat,eval_pivot,28,1.605303168296814,700
concat,eval_pivot,29,1.5820515155792236,700
concat,eval_pivot,30,1.5569941997528076,700
concat,eval_pivot,31,1.5312559604644775,700
concat,eval_pivot,32,1.502514123916626,700
A_block,eval_pivot,1,13.015210151672363,700
A_block,eval_pivot,2,8.156830787658691,700
A_block,eval_pivot,3,5.717522621154785,700
A_block,eval_pivot,4,4.739262580871582,700
A_block,eval_pivot,5,4.3506035804748535,700
A_block,eval_pivot,6,2.3182532787323,700
A_block,eval_pivot,7,2.2191975116729736,700
A_block,eval_pivot,8,1.8997305631637573,700
A_block,eval_pivot,9,1.7481406927108765,700
A_block,eval_pivot,10,1.6256012916564941,700
A_block,eval_pivot,11,1.5405347347259521,700
A_block,eval_pivot,12,1.4169751405715942,700
A_block,eval_pivot,13,1.383061170578003,700
A_block,eval_pivot,14,1.2969012260437012,700
A_block,eval_pivot,15,1.2128512859344482,700
A_block,eval_pivot,16,1.1505749225616455,700
A_block,eval_pivot,17,1.1134167909622192,700
A_block,eval_pivot,18,1.1035832166671753,700
A_block,eval_pivot,19,1.0766197443008423,700
A_block,eval_pivot,20,1.0344781875610352,700
A_block,eval_pivot,21,0.9751276969909668,700
A_block,eval_pivot,22,0.9545500874519348,700
A_block,eval_pivot,23,0.9423577189445496,700
A_block,eval_pivot,24,0.9271332621574402,700
A_block,eval_pivot,25,0.8809954524040222,700
A_block,eval_pivot,26,0.8727545142173767,700
A_block,eval_pivot,27,0.8618566393852234,700
A_block,eval_pivot,28,0.8336921334266663,700
A_block,eval_pivot,29,0.8293302059173584,700
A_block,eval_pivot,30,0.8040055632591248,700
A_block,eval_pivot,31,0.79471355676651,700
A_block,eval_pivot,32,0.7745398283004761,700
B_block,eval_pivot,1,6.524017810821533,700
B_block,eval_pivot,2,5.350710868835449,700
B_block,eval_pivot,3,4.581372261047363,700
B_block,eval_pivot,4,4.501640319824219,700
B_block,eval_pivot,5,4.282205104827881,700
B_block,eval_pivot,6,3.9152629375457764,700
B_block,eval_pivot,7,3.4026081562042236,700
B_block,eval_pivot,8,3.0298235416412354,700
B_block,eval_pivot,9,2.8074848651885986,700
B_block,eval_pivot,10,2.733222723007202,700
B_block,eval_pivot,11,2.633190870285034,700
B_block,eval_pivot,12,2.62532377243042,700
B_block,eval_pivot,13,2.474557876586914,700
B_block,eval_pivot,14,2.4475903511047363,700
B_block,eval_pivot,15,2.314129114151001,700
B_block,eval_pivot,16,2.201714515686035,700
B_block,eval_pivot,17,2.1015336513519287,700
B_block,eval_pivot,18,2.0616602897644043,700
B_block,eval_pivot,19,1.9932283163070679,700
B_block,eval_pivot,20,1.944920539855957,700
B_block,eval_pivot,21,1.870877981185913,700
B_block,eval_pivot,22,1.8015960454940796,700
B_block,eval_pivot,23,1.7801496982574463,700
B_block,eval_pivot,24,1.725001335144043,700
B_block,eval_pivot,25,1.6736445426940918,700
B_block,eval_pivot,26,1.648791790008545,700
B_block,eval_pivot,27,1.6163740158081055,700
B_block,eval_pivot,28,1.6055480241775513,700
B_block,eval_pivot,29,1.5824395418167114,700
B_block,eval_pivot,30,1.5574315786361694,700
B_block,eval_pivot,31,1.5318603515625,700
B_block,eval_pivot,32,1.50271475315094,700
concat,eval_neutral,1,7.794133186340332,700
concat,eval_neutral,2,4.865145206451416,700
concat,eval_neutral,3,4.219467639923096,700
concat,eval_neutral,4,3.6906533241271973,700
concat,eval_neutral,5,3.3836851119995117,700
concat,eval_neutral,6,3.087272882461548,700
concat,eval_neutral,7,2.9595446586608887,700
concat,eval_neutral,8,2.8903565406799316,700
concat,eval_neutral,9,2.757741689682007,700
concat,eval_neutral,10,2.659682512283325,700
concat,eval_neutral,11,2.5987765789031982,700
concat,eval_neutral,12,2.518698215484619,700
concat,eval_neutral,13,2.446781635284424,700
concat,eval_neutral,14,2.3344480991363525,700
concat,eval_neutral,15,2.1962356567382812,700
concat,eval_neutral,16,2.148391008377075,700
concat,eval_neutral,17,2.0288546085357666,700
concat,eval_neutral,18,1.9844828844070435,700
concat,eval_neutral,19,1.9499876499176025,700
concat,eval_neutral,20,1.942652940750122,700
concat,eval_neutral,21,1.889220952987671,700
concat,eval_neutral,22,1.8597438335418701,700
concat,eval_neutral,23,1.7629821300506592,700
concat,eval_neutral,24,1.7528167963027954,700
concat,eval_neutral,25,1.725680947303772,700
concat,eval_neutral,26,1.6755942106246948,700
concat,eval_neutral,27,1.6588858366012573,700
concat,eval_neutral,28,1.6260830163955688,700
concat,eval_neutral,29,1.5995142459869385,700
concat,eval_neutral,30,1.5716984272003174,700
concat,eval_neutral,31,1.5322725772857666,700
concat,eval_neutral,32,1.5039701461791992,700
A_block,eval_neutral,1,11.852866172790527,700
A_block,eval_neutral,2,7.853217124938965,700
A_block,eval_neutral,3,5.851997375488281,700
A_block,eval_neutral,4,4.872830390930176,700
A_block,eval_neutral,5,4.151078224182129,700
A_block,eval_neutral,6,2.7615888118743896,700
A_block,eval_neutral,7,2.2923202514648438,700
A_block,eval_neutral,8,2.1127994060516357,700
A_block,eval_neutral,9,1.7992422580718994,700
A_block,eval_neutral,10,1.6660369634628296,700
A_block,eval_neutral,11,1.5666298866271973,700
A_block,eval_neutral,12,1.4782772064208984,700
A_block,eval_neutral,13,1.4424755573272705,700
A_block,eval_neutral,14,1.3722656965255737,700
A_block,eval_neutral,15,1.3166632652282715,700
A_block,eval_neutral,16,1.2188935279846191,700
A_block,eval_neutral,17,1.1860222816467285,700
A_block,eval_neutral,18,1.1606844663619995,700
A_block,eval_neutral,19,1.0896856784820557,700
A_block,eval_neutral,20,1.0857703685760498,700
A_block,eval_neutral,21,1.0589587688446045,700
A_block,eval_neutral,22,1.0272562503814697,700
A_block,eval_neutral,23,1.0049632787704468,700
A_block,eval_neutral,24,0.9996131658554077,700
A_block,eval_neutral,25,0.9701189994812012,700
A_block,eval_neutral,26,0.9458566308021545,700
A_block,eval_neutral,27,0.9332266449928284,700
A_block,eval_neutral,28,0.9165390729904175,700
A_block,eval_neutral,29,0.9138643145561218,700
A_block,eval_neutral,30,0.8886900544166565,700
A_block,eval_neutral,31,0.8766183853149414,700
A_block,eval_neutral,32,0.8669938445091248,700
B_block,eval_neutral,1,7.794280052185059,700
B_block,eval_neutral,2,4.865323066711426,700
B_block,eval_neutral,3,4.2187724113464355,700
B_block,eval_neutral,4,3.6903934478759766,700
B_block,eval_neutral,5,3.3841962814331055,700
B_block,eval_neutral,6,3.0879528522491455,700
B_block,eval_neutral,7,2.9602882862091064,700
B_block,eval_neutral,8,2.891209125518799,700
B_block,eval_neutral,9,2.7568466663360596,700
B_block,eval_neutral,10,2.6597609519958496,700
B_block,eval_neutral,11,2.5993356704711914,700
B_block,eval_neutral,12,2.5192151069641113,700
B_block,eval_neutral,13,2.4464197158813477,700
B_block,eval_neutral,14,2.3349335193634033,700
B_block,eval_neutral,15,2.1969711780548096,700
B_block,eval_neutral,16,2.1489222049713135,700
B_block,eval_neutral,17,2.0290043354034424,700
B_block,eval_neutral,18,1.9839324951171875,700
B_block,eval_neutral,19,1.9495011568069458,700
B_block,eval_neutral,20,1.9428662061691284,700
B_block,eval_neutral,21,1.8897150754928589,700
B_block,eval_neutral,22,1.8602945804595947,700
B_block,eval_neutral,23,1.7630641460418701,700
B_block,eval_neutral,24,1.7530643939971924,700
B_block,eval_neutral,25,1.7230628728866577,700
B_block,eval_neutral,26,1.67594575881958,700
B_block,eval_neutral,27,1.65923011302948,700
B_block,eval_neutral,28,1.6263705492019653,700
B_block,eval_neutral,29,1.5996309518814087,700
B_block,eval_neutral,30,1.5718328952789307,700
B_block,eval_neutral,31,1.5320662260055542,700
B_block,eval_neutral,32,1.504292607307434,700
concat,train_harm_full_sequence,1,6.030182361602783,750
concat,train_harm_full_sequence,2,4.377655506134033,750
concat,train_harm_full_sequence,3,3.663893699645996,750
concat,train_harm_full_sequence,4,3.382481575012207,750
concat,train_harm_full_sequence,5,3.1267149448394775,750
concat,train_harm_full_sequence,6,3.0159900188446045,750
concat,train_harm_full_sequence,7,2.8408312797546387,750
concat,train_harm_full_sequence,8,2.6294445991516113,750
concat,train_harm_full_sequence,9,2.4868080615997314,750
concat,train_harm_full_sequence,10,2.3557326793670654,750
concat,train_harm_full_sequence,11,2.247926950454712,750
concat,train_harm_full_sequence,12,2.13464093208313,750
concat,train_harm_full_sequence,13,2.0902750492095947,750
concat,train_harm_full_sequence,14,2.001371145248413,750
concat,train_harm_full_sequence,15,1.937557339668274,750
concat,train_harm_full_sequence,16,1.8890023231506348,750
concat,train_harm_full_sequence,17,1.8246541023254395,750
concat,train_harm_full_sequence,18,1.7389165163040161,750
concat,train_harm_full_sequence,19,1.7367082834243774,750
concat,train_harm_full_sequence,20,1.6766982078552246,750
concat,train_harm_full_sequence,21,1.6572473049163818,750
concat,train_harm_full_sequence,22,1.6154050827026367,750
concat,train_harm_full_sequence,23,1.5876190662384033,750
concat,train_harm_full_sequence,24,1.5667694807052612,750
concat,train_harm_full_sequence,25,1.4865317344665527,750
concat,train_harm_full_sequence,26,1.457581877708435,750
concat,train_harm_full_sequence,27,1.3796536922454834,750
concat,train_harm_full_sequence,28,1.3712096214294434,750
concat,train_harm_full_sequence,29,1.331243634223938,750
concat,train_harm_full_sequence,30,1.3185617923736572,750
concat,train_harm_full_sequence,31,1.3016988039016724,750
concat,train_harm_full_sequence,32,1.2644754648208618,750
A_block,train_harm_full_sequence,1,10.907326698303223,750
A_block,train_harm_full_sequence,2,7.875122547149658,750
A_block,train_harm_full_sequence,3,4.597638130187988,750
A_block,train_harm_full_sequence,4,3.746948480606079,750
A_block,train_harm_full_sequence,5,2.9435646533966064,750
A_block,train_harm_full_sequence,6,2.8191301822662354,750
A_block,train_harm_full_sequence,7,1.6649435758590698,750
A_block,train_harm_full_sequence,8,1.5132620334625244,750
A_block,train_harm_full_sequence,9,1.2914000749588013,750
A_block,train_harm_full_sequence,10,1.1259158849716187,750
A_block,train_harm_full_sequence,11,0.9579346776008606,750
A_block,train_harm_full_sequence,12,0.8180257678031921,750
A_block,train_harm_full_sequence,13,0.797170877456665,750
A_block,train_harm_full_sequence,14,0.7446139454841614,750
A_block,train_harm_full_sequence,15,0.6840082406997681,750
A_block,train_harm_full_sequence,16,0.6126210689544678,750
A_block,train_harm_full_sequence,17,0.5822495818138123,750
A_block,train_harm_full_sequence,18,0.5653363466262817,750
A_block,train_harm_full_sequence,19,0.5498030781745911,750
A_block,train_harm_full_sequence,20,0.5144258141517639,750
A_block,train_harm_full_sequence,21,0.48822957277297974,750
A_block,train_harm_full_sequence,22,0.48111000657081604,750
A_block,train_harm_full_sequence,23,0.4567989110946655,750
A_block,train_harm_full_sequence,24,0.4379418194293976,750
A_block,train_harm_full_sequence,25,0.42628535628318787,750
A_block,train_harm_full_sequence,26,0.4175410270690918,750
A_block,train_harm_full_sequence,27,0.4162576496601105,750
A_block,train_harm_full_sequence,28,0.41251546144485474,750
A_block,train_harm_full_sequence,29,0.4005892872810364,750
A_block,train_harm_full_sequence,30,0.39074137806892395,750
A_block,train_harm_full_sequence,31,0.3813875615596771,750
A_block,train_harm_full_sequence,32,0.37769290804862976,750
B_block,train_harm_full_sequence,1,6.031242847442627,750
B_block,train_harm_full_sequence,2,4.374181270599365,750
B_block,train_harm_full_sequence,3,3.664506673812866,750
B_block,train_harm_full_sequence,4,3.3833162784576416,750
B_block,train_harm_full_sequence,5,3.1274032592773438,750
B_block,train_harm_full_sequence,6,3.016784191131592,750
B_block,train_harm_full_sequence,7,2.8404462337493896,750
B_block,train_harm_full_sequence,8,2.6299564838409424,750
B_block,train_harm_full_sequence,9,2.4869890213012695,750
B_block,train_harm_full_sequence,10,2.355045795440674,750
B_block,train_harm_full_sequence,11,2.248476028442383,750
B_block,train_harm_full_sequence,12,2.1331210136413574,750
B_block,train_harm_full_sequence,13,2.0907742977142334,750
B_block,train_harm_full_sequence,14,2.001793622970581,750
B_block,train_harm_full_sequence,15,1.9374586343765259,750
B_block,train_harm_full_sequence,16,1.8882874250411987,750
B_block,train_harm_full_sequence,17,1.8248685598373413,750
B_block,train_harm_full_sequence,18,1.7382804155349731,750
B_block,train_harm_full_sequence,19,1.737038493156433,750
B_block,train_harm_full_sequence,20,1.6772124767303467,750
B_block,train_harm_full_sequence,21,1.6572891473770142,750
B_block,train_harm_full_sequence,22,1.6152849197387695,750
B_block,train_harm_full_sequence,23,1.5878310203552246,750
B_block,train_harm_full_sequence,24,1.5670806169509888,750
B_block,train_harm_full_sequence,25,1.4861122369766235,750
B_block,train_harm_full_sequence,26,1.457209825515747,750
B_block,train_harm_full_sequence,27,1.3798803091049194,750
B_block,train_harm_full_sequence,28,1.3715884685516357,750
B_block,train_harm_full_sequence,29,1.3293659687042236,750
B_block,train_harm_full_sequence,30,1.31895112991333,750
B_block,train_harm_full_sequence,31,1.301582932472229,750
B_block,train_harm_full_sequence,32,1.2648547887802124,750
concat,train_safe_full_sequence,1,5.41436243057251,750
concat,train_safe_full_sequence,2,3.840160369873047,750
concat,train_safe_full_sequence,3,3.6562917232513428,750
concat,train_safe_full_sequence,4,3.356308937072754,750
concat,train_safe_full_sequence,5,3.322542428970337,750
concat,train_safe_full_sequence,6,2.840402603149414,750
concat,train_safe_full_sequence,7,2.7075350284576416,750
concat,train_safe_full_sequence,8,2.607304573059082,750
concat,train_safe_full_sequence,9,2.478647470474243,750
concat,train_safe_full_sequence,10,2.3740742206573486,750
concat,train_safe_full_sequence,11,2.3403830528259277,750
concat,train_safe_full_sequence,12,2.283315420150757,750
concat,train_safe_full_sequence,13,2.1832826137542725,750
concat,train_safe_full_sequence,14,2.1229069232940674,750
concat,train_safe_full_sequence,15,2.0592198371887207,750
concat,train_safe_full_sequence,16,1.9702507257461548,750
concat,train_safe_full_sequence,17,1.8932976722717285,750
concat,train_safe_full_sequence,18,1.849125862121582,750
concat,train_safe_full_sequence,19,1.767075777053833,750
concat,train_safe_full_sequence,20,1.7152366638183594,750
concat,train_safe_full_sequence,21,1.6811530590057373,750
concat,train_safe_full_sequence,22,1.6282490491867065,750
concat,train_safe_full_sequence,23,1.6153957843780518,750
concat,train_safe_full_sequence,24,1.5523881912231445,750
concat,train_safe_full_sequence,25,1.5451459884643555,750
concat,train_safe_full_sequence,26,1.531534194946289,750
concat,train_safe_full_sequence,27,1.499397873878479,750
concat,train_safe_full_sequence,28,1.4409257173538208,750
concat,train_safe_full_sequence,29,1.4249454736709595,750
concat,train_safe_full_sequence,30,1.3841627836227417,750
concat,train_safe_full_sequence,31,1.358739972114563,750
concat,train_safe_full_sequence,32,1.3269582986831665,750
A_block,train_safe_full_sequence,1,11.251605987548828,750
A_block,train_safe_full_sequence,2,6.698324203491211,750
A_block,train_safe_full_sequence,3,4.886666774749756,750
A_block,train_safe_full_sequence,4,3.3145344257354736,750
A_block,train_safe_full_sequence,5,3.2074379920959473,750
A_block,train_safe_full_sequence,6,2.597795009613037,750
A_block,train_safe_full_sequence,7,1.8214658498764038,750
A_block,train_safe_full_sequence,8,1.74413001537323,750
A_block,train_safe_full_sequence,9,1.377205491065979,750
A_block,train_safe_full_sequence,10,1.2116323709487915,750
A_block,train_safe_full_sequence,11,1.079758882522583,750
A_block,train_safe_full_sequence,12,0.9545312523841858,750
A_block,train_safe_full_sequence,13,0.889710009098053,750
A_block,train_safe_full_sequence,14,0.7895009517669678,750
A_block,train_safe_full_sequence,15,0.7806797027587891,750
A_block,train_safe_full_sequence,16,0.7467326521873474,750
A_block,train_safe_full_sequence,17,0.7353719472885132,750
A_block,train_safe_full_sequence,18,0.7023999094963074,750
A_block,train_safe_full_sequence,19,0.6676806211471558,750
A_block,train_safe_full_sequence,20,0.6421101093292236,750
A_block,train_safe_full_sequence,21,0.6216161847114563,750
A_block,train_safe_full_sequence,22,0.5950267314910889,750
A_block,train_safe_full_sequence,23,0.5842520594596863,750
A_block,train_safe_full_sequence,24,0.5736362934112549,750
A_block,train_safe_full_sequence,25,0.5613565444946289,750
A_block,train_safe_full_sequence,26,0.5499549508094788,750
A_block,train_safe_full_sequence,27,0.543528139591217,750
A_block,train_safe_full_sequence,28,0.533231258392334,750
A_block,train_safe_full_sequence,29,0.5139106512069702,750
A_block,train_safe_full_sequence,30,0.5021668672561646,750
A_block,train_safe_full_sequence,31,0.49807846546173096,750
A_block,train_safe_full_sequence,32,0.488128662109375,750
B_block,train_safe_full_sequence,1,5.416431427001953,750
B_block,train_safe_full_sequence,2,3.8401618003845215,750
B_block,train_safe_full_sequence,3,3.6489248275756836,750
B_block,train_safe_full_sequence,4,3.3569564819335938,750
B_block,train_safe_full_sequence,5,3.322575569152832,750
B_block,train_safe_full_sequence,6,2.841562509536743,750
B_block,train_safe_full_sequence,7,2.7031373977661133,750
B_block,train_safe_full_sequence,8,2.608264446258545,750
B_block,train_safe_full_sequence,9,2.4799296855926514,750
B_block,train_safe_full_sequence,10,2.373684883117676,750
B_block,train_safe_full_sequence,11,2.34045672416687,750
B_block,train_safe_full_sequence,12,2.279813528060913,750
B_block,train_safe_full_sequence,13,2.1841931343078613,750
B_block,train_safe_full_sequence,14,2.1213040351867676,750
B_block,train_safe_full_sequence,15,2.0599703788757324,750
B_block,train_safe_full_sequence,16,1.9692522287368774,750
B_block,train_safe_full_sequence,17,1.892769455909729,750
B_block,train_safe_full_sequence,18,1.849352240562439,750
B_block,train_safe_full_sequence,19,1.7679424285888672,750
B_block,train_safe_full_sequence,20,1.7154279947280884,750
B_block,train_safe_full_sequence,21,1.6820005178451538,750
B_block,train_safe_full_sequence,22,1.6285501718521118,750
B_block,train_safe_full_sequence,23,1.6160880327224731,750
B_block,train_safe_full_sequence,24,1.55300772190094,750
B_block,train_safe_full_sequence,25,1.5457178354263306,750
B_block,train_safe_full_sequence,26,1.5322294235229492,750
B_block,train_safe_full_sequence,27,1.5000437498092651,750
B_block,train_safe_full_sequence,28,1.4415948390960693,750
B_block,train_safe_full_sequence,29,1.4248461723327637,750
B_block,train_safe_full_sequence,30,1.3846864700317383,750
B_block,train_safe_full_sequence,31,1.359429955482483,750
B_block,train_safe_full_sequence,32,1.3273409605026245,750
concat,eval_pivot,1,6.494406700134277,750
concat,eval_pivot,2,5.334554195404053,750
concat,eval_pivot,3,4.565925598144531,750
concat,eval_pivot,4,4.497251033782959,750
concat,eval_pivot,5,4.295106410980225,750
concat,eval_pivot,6,3.889092445373535,750
concat,eval_pivot,7,3.438615560531616,750
concat,eval_pivot,8,3.007763385772705,750
concat,eval_pivot,9,2.800546169281006,750
concat,eval_pivot,10,2.7267565727233887,750
concat,eval_pivot,11,2.6518754959106445,750
concat,eval_pivot,12,2.6253774166107178,750
concat,eval_pivot,13,2.478421688079834,750
concat,eval_pivot,14,2.441598415374756,750
concat,eval_pivot,15,2.302680730819702,750
concat,eval_pivot,16,2.211941719055176,750
concat,eval_pivot,17,2.130260705947876,750
concat,eval_pivot,18,2.066473960876465,750
concat,eval_pivot,19,1.9770621061325073,750
concat,eval_pivot,20,1.9613540172576904,750
concat,eval_pivot,21,1.8840162754058838,750
concat,eval_pivot,22,1.8076258897781372,750
concat,eval_pivot,23,1.7848087549209595,750
concat,eval_pivot,24,1.7370524406433105,750
concat,eval_pivot,25,1.6889210939407349,750
concat,eval_pivot,26,1.6670390367507935,750
concat,eval_pivot,27,1.623128890991211,750
concat,eval_pivot,28,1.6103816032409668,750
concat,eval_pivot,29,1.5659830570220947,750
concat,eval_pivot,30,1.562705159187317,750
concat,eval_pivot,31,1.5252809524536133,750
concat,eval_pivot,32,1.502659559249878,750
A_block,eval_pivot,1,13.120113372802734,750
A_block,eval_pivot,2,8.012955665588379,750
A_block,eval_pivot,3,5.665722846984863,750
A_block,eval_pivot,4,4.773937702178955,750
A_block,eval_pivot,5,4.355645179748535,750
A_block,eval_pivot,6,2.3597412109375,750
A_block,eval_pivot,7,2.230940818786621,750
A_block,eval_pivot,8,1.912630319595337,750
A_block,eval_pivot,9,1.7473751306533813,750
A_block,eval_pivot,10,1.609796404838562,750
A_block,eval_pivot,11,1.5072410106658936,750
A_block,eval_pivot,12,1.4115372896194458,750
A_block,eval_pivot,13,1.3787659406661987,750
A_block,eval_pivot,14,1.2903759479522705,750
A_block,eval_pivot,15,1.2033112049102783,750
A_block,eval_pivot,16,1.1569374799728394,750
A_block,eval_pivot,17,1.0988438129425049,750
A_block,eval_pivot,18,1.0952876806259155,750
A_block,eval_pivot,19,1.0638407468795776,750
A_block,eval_pivot,20,1.0305904150009155,750
A_block,eval_pivot,21,0.9647853374481201,750
A_block,eval_pivot,22,0.954778254032135,750
A_block,eval_pivot,23,0.9452513456344604,750
A_block,eval_pivot,24,0.9299740195274353,750
A_block,eval_pivot,25,0.8804503679275513,750
A_block,eval_pivot,26,0.8763418197631836,750
A_block,eval_pivot,27,0.8539904356002808,750
A_block,eval_pivot,28,0.8390008807182312,750
A_block,eval_pivot,29,0.8303102850914001,750
A_block,eval_pivot,30,0.804980993270874,750
A_block,eval_pivot,31,0.8003946542739868,750
A_block,eval_pivot,32,0.7708101272583008,750
B_block,eval_pivot,1,6.494096755981445,750
B_block,eval_pivot,2,5.334176540374756,750
B_block,eval_pivot,3,4.5664544105529785,750
B_block,eval_pivot,4,4.498236656188965,750
B_block,eval_pivot,5,4.290746212005615,750
B_block,eval_pivot,6,3.8895130157470703,750
B_block,eval_pivot,7,3.439013957977295,750
B_block,eval_pivot,8,3.006847858428955,750
B_block,eval_pivot,9,2.801471471786499,750
B_block,eval_pivot,10,2.72584867477417,750
B_block,eval_pivot,11,2.652458667755127,750
B_block,eval_pivot,12,2.6261353492736816,750
B_block,eval_pivot,13,2.478818416595459,750
B_block,eval_pivot,14,2.441739797592163,750
B_block,eval_pivot,15,2.3034825325012207,750
B_block,eval_pivot,16,2.2122530937194824,750
B_block,eval_pivot,17,2.1303462982177734,750
B_block,eval_pivot,18,2.0665109157562256,750
B_block,eval_pivot,19,1.9776827096939087,750
B_block,eval_pivot,20,1.96189284324646,750
B_block,eval_pivot,21,1.8842179775238037,750
B_block,eval_pivot,22,1.8075166940689087,750
B_block,eval_pivot,23,1.7852604389190674,750
B_block,eval_pivot,24,1.7371984720230103,750
B_block,eval_pivot,25,1.6894304752349854,750
B_block,eval_pivot,26,1.6666916608810425,750
B_block,eval_pivot,27,1.623344898223877,750
B_block,eval_pivot,28,1.61072838306427,750
B_block,eval_pivot,29,1.566468596458435,750
B_block,eval_pivot,30,1.5631238222122192,750
B_block,eval_pivot,31,1.5256845951080322,750
B_block,eval_pivot,32,1.5028759241104126,750
concat,eval_neutral,1,7.806405544281006,750
concat,eval_neutral,2,4.836501598358154,750
concat,eval_neutral,3,4.221724987030029,750
concat,eval_neutral,4,3.6690144538879395,750
concat,eval_neutral,5,3.3871028423309326,750
concat,eval_neutral,6,3.0822620391845703,750
concat,eval_neutral,7,2.9544644355773926,750
concat,eval_neutral,8,2.8827295303344727,750
concat,eval_neutral,9,2.777801513671875,750
concat,eval_neutral,10,2.6609456539154053,750
concat,eval_neutral,11,2.5863630771636963,750
concat,eval_neutral,12,2.528400421142578,750
concat,eval_neutral,13,2.4613494873046875,750
concat,eval_neutral,14,2.3315939903259277,750
concat,eval_neutral,15,2.204793691635132,750
concat,eval_neutral,16,2.137411117553711,750
concat,eval_neutral,17,2.031839370727539,750
concat,eval_neutral,18,1.9786652326583862,750
concat,eval_neutral,19,1.9541637897491455,750
concat,eval_neutral,20,1.9453494548797607,750
concat,eval_neutral,21,1.8901469707489014,750
concat,eval_neutral,22,1.8568003177642822,750
concat,eval_neutral,23,1.7662768363952637,750
concat,eval_neutral,24,1.746504545211792,750
concat,eval_neutral,25,1.7268365621566772,750
concat,eval_neutral,26,1.6674048900604248,750
concat,eval_neutral,27,1.6447206735610962,750
concat,eval_neutral,28,1.6191298961639404,750
concat,eval_neutral,29,1.5935635566711426,750
concat,eval_neutral,30,1.5742087364196777,750
concat,eval_neutral,31,1.5359833240509033,750
concat,eval_neutral,32,1.5078799724578857,750
A_block,eval_neutral,1,11.921655654907227,750
A_block,eval_neutral,2,7.812623977661133,750
A_block,eval_neutral,3,5.820626735687256,750
A_block,eval_neutral,4,4.8004984855651855,750
A_block,eval_neutral,5,4.1766510009765625,750
A_block,eval_neutral,6,2.7530672550201416,750
A_block,eval_neutral,7,2.292459726333618,750
A_block,eval_neutral,8,2.118173122406006,750
A_block,eval_neutral,9,1.7562458515167236,750
A_block,eval_neutral,10,1.6813658475875854,750
A_block,eval_neutral,11,1.5987093448638916,750
A_block,eval_neutral,12,1.4822055101394653,750
A_block,eval_neutral,13,1.4400376081466675,750
A_block,eval_neutral,14,1.3845462799072266,750
A_block,eval_neutral,15,1.3081222772598267,750
A_block,eval_neutral,16,1.2108638286590576,750
A_block,eval_neutral,17,1.1935234069824219,750
A_block,eval_neutral,18,1.1500550508499146,750
A_block,eval_neutral,19,1.0969939231872559,750
A_block,eval_neutral,20,1.0941764116287231,750
A_block,eval_neutral,21,1.0430347919464111,750
A_block,eval_neutral,22,1.0286146402359009,750
A_block,eval_neutral,23,1.0093146562576294,750
A_block,eval_neutral,24,0.9967021346092224,750
A_block,eval_neutral,25,0.9663894176483154,750
A_block,eval_neutral,26,0.9482768774032593,750
A_block,eval_neutral,27,0.9333288669586182,750
A_block,eval_neutral,28,0.9235427975654602,750
A_block,eval_neutral,29,0.9034216403961182,750
A_block,eval_neutral,30,0.8831877708435059,750
A_block,eval_neutral,31,0.8744750618934631,750
A_block,eval_neutral,32,0.8652520179748535,750
B_block,eval_neutral,1,7.80652379989624,750
B_block,eval_neutral,2,4.836734771728516,750
B_block,eval_neutral,3,4.2211456298828125,750
B_block,eval_neutral,4,3.668576240539551,750
B_block,eval_neutral,5,3.387594699859619,750
B_block,eval_neutral,6,3.082918643951416,750
B_block,eval_neutral,7,2.955207586288452,750
B_block,eval_neutral,8,2.883591890335083,750
B_block,eval_neutral,9,2.7767436504364014,750
B_block,eval_neutral,10,2.6612045764923096,750
B_block,eval_neutral,11,2.5869970321655273,750
B_block,eval_neutral,12,2.528966188430786,750
B_block,eval_neutral,13,2.4610986709594727,750
B_block,eval_neutral,14,2.332064151763916,750
B_block,eval_neutral,15,2.205507755279541,750
B_block,eval_neutral,16,2.1379477977752686,750
B_block,eval_neutral,17,2.032019853591919,750
B_block,eval_neutral,18,1.9783743619918823,750
B_block,eval_neutral,19,1.9537699222564697,750
B_block,eval_neutral,20,1.9455562829971313,750
B_block,eval_neutral,21,1.8906471729278564,750
B_block,eval_neutral,22,1.8572782278060913,750
B_block,eval_neutral,23,1.7665431499481201,750
B_block,eval_neutral,24,1.746381402015686,750
B_block,eval_neutral,25,1.7239691019058228,750
B_block,eval_neutral,26,1.6677501201629639,750
B_block,eval_neutral,27,1.645049810409546,750
B_block,eval_neutral,28,1.6194281578063965,750
B_block,eval_neutral,29,1.5937347412109375,750
B_block,eval_neutral,30,1.57417893409729,750
B_block,eval_neutral,31,1.5359681844711304,750
B_block,eval_neutral,32,1.5083082914352417,750
